[write-gate] WRITES ENABLED until 2026-10-04T18:00:33.487Z (spenc@Got-Moles: Spencer 10-04: push week 10-05 to OptimoRoute, plan, write times back) — ceiling 700/run — run ca43d226
=== SYNC + PLAN + TIMES 2026-10-04 10:00:33 PT ===
mode: LIVE (--execute)   window: 2026-10-05..2026-10-09
live Jobber: 551 visits, 551 not complete, 551 on a routed driver, 0 skipped (no tech / not a driver)
  2026-10-05  Tavis 22  Alias 20  Robert 22  Luke 27
  2026-10-06  Alias 20  Tavis 26  Robert 27  Cory 25  Luke 21
  2026-10-07  Robert 27  Alias 20  Cory 31  Tavis 17  Luke 15
  2026-10-08  Alias 17  Robert 30  Tavis 25  Luke 25  Cory 28
  2026-10-09  Luke 26  Alias 20  Robert 27  Cory 14  Tavis 19

OptimoRoute: 0 orders in the window
  CREATE 551   UPDATE 0   DELETE 0   unchanged 0
    CREATE 8235-2265630307 2026-10-05 Tavis Alexander 15m  Mike Schuppert  3707 Southwest 107th Street, Seattle, Washington, 98146
    CREATE 8297-2273802321 2026-10-05 Alias Franks 15m  Babu Uppala  15439 Northeast 52nd Court, Redmond, Washington, 98052
    CREATE 6900-2277236788 2026-10-05 Robert Norton 15m  Jeff Hunter  22626 177th Avenue Southeast, Kent, Washington, 98042
    CREATE 8332-2280671491 2026-10-05 Luke LaVergne 15m  Nancy Collinsworth  3819 Eagledale Court Southeast, Lacey, Washington, 98513
    CREATE 8340-2284316404 2026-10-05 Tavis Alexander 15m  Ken Lohse  3213 45th Avenue Southwest, Seattle, Washington, 98116
    CREATE 8409-2294521484 2026-10-05 Tavis Alexander 15m  Chris Higgs  5042 30th Avenue South, Seattle, Washington, 98108
    CREATE 8072-2310315312 2026-10-05 Robert Norton 15m  Prologis  8610 South 212th Street, Kent, Washington, 98032
    CREATE 8533-2319651792 2026-10-05 Tavis Alexander 15m  Bob Chatalas  3911 Southwest Holden Street, Seattle, Washington, 98136
    CREATE 6674-2337668295 2026-10-05 Robert Norton 15m  Larry Desmet  24280 141st Place Southeast, Kent, Washington, 98042
    CREATE 8447-2337861735 2026-10-05 Alias Franks 15m  Tia Gong  16365 Northeast 31st Court, Bellevue, Washington, 98008
    CREATE 7736-2337979781 2026-10-05 Robert Norton 15m  Rita Conger  1009 Crest Place, Kent, Washington, 98031
    CREATE 6440-2338015485 2026-10-05 Robert Norton 15m  Marta Dickerson  23507 98th Avenue South, Kent, Washington, 98031
    CREATE 6277-2338212769 2026-10-05 Luke LaVergne 15m  Robin Chase  587 Overhulse Road Northwest, Olympia, Washington, 98502
    CREATE 8404-2338334813 2026-10-05 Luke LaVergne 15m  Simmons Mill HOA  3568 Simmons Mill Court Southwest, Tumwater, Washington, 98512
    CREATE 4711-2338336825 2026-10-05 Robert Norton 15m  Jeff  Boggs  15015 SE 224th Street, Covington, WA, 98042
    CREATE 8437-2338356844 2026-10-05 Luke LaVergne 15m  Jonah Pickens  608 North 9th Avenue Southwest, Tumwater, Washington, 98512
    CREATE 4771-2338433774 2026-10-05 Alias Franks 15m  Nancy Krossa  6126 130th Avenue Northeast, Kirkland, Washington, 98033
    CREATE 8633-2344012260 2026-10-05 Luke LaVergne 15m  Rebecca Sweetlove  1324 Hensley Street Northeast, Olympia, Washington, 98516
    CREATE 8434-2345239347 2026-10-05 Luke LaVergne 15m  Elaine Briggs  9204 Periwinkle Loop Northeast, Lacey, Washington, 98516
    CREATE 7697-2345256820 2026-10-05 Robert Norton 15m  Jennifer Cramer  24624 156th Avenue Southeast, Kent, Washington, 98042
    CREATE 8457-2345284756 2026-10-05 Luke LaVergne 15m  Caroline Irwin  5141 Beverly Drive Northeast, Olympia, Washington, 98516
    CREATE 8506-2345385128 2026-10-05 Alias Franks 15m  Xin Liu  6123 122nd Avenue Northeast, Kirkland, Washington, 98033
    CREATE 8359-2345882896 2026-10-05 Tavis Alexander 15m  Mary Suhadolnik  4006 57th Avenue Southwest, Seattle, Washington, 98116
    CREATE 7626-2346084581 2026-10-05 Robert Norton 15m  Jonelle Loranger  18403 Southeast 224th Street, Kent, Washington, 98042
    CREATE 8270-2346128135 2026-10-05 Robert Norton 15m  Brian Meadows  21004 188th Avenue Southeast, Renton, Washington, 98058
    CREATE 4701-2346159956 2026-10-05 Robert Norton 15m  Thomas Carpinito  20330 Southeast 240th Street, Maple Valley, Washington, 98038
    CREATE 7971-2346246929 2026-10-05 Robert Norton 15m  David Marsh  14035 Southeast 202nd Street, Kent, Washington, 98042
    CREATE 8650-2347915401 2026-10-05 Robert Norton 15m  Munene Peter  11707 Southeast 210th Place, Kent, Washington, 98031
    CREATE 7546-2350063665 2026-10-05 Alias Franks 15m  Marymoor Park  6046 West Lake Sammamish Parkway Northeast, Redmond, Washington, 98052
    CREATE 5055-1583660672 2026-10-05 Tavis Alexander 15m  City of Burien  430 South 156th Street, Burien, Washington, 98148
    CREATE 4902-1608591448 2026-10-05 Alias Franks 15m  Jane Moore  13667 62nd Avenue Northeast, Kirkland, Washington, 98034
    CREATE 4930-1637480735 2026-10-05 Robert Norton 15m  Plemmons Industries  25454 129th Avenue Southeast, Kent, Washington, 98030
    CREATE 5087-1662802889 2026-10-05 Robert Norton 15m  Ganesh   Thirumalai  17645 118th Avenue Southeast, Renton, Washington, 98058
    CREATE 5171-1741315314 2026-10-05 Alias Franks 15m  Kyle Peterson  13841 65th Place Northeast, Kirkland, Washington, 98034
    CREATE 5298-1741959809 2026-10-05 Tavis Alexander 15m  Zach Usher  2311 South Bateman Street, Seattle, Washington, 98108
    CREATE 5531-1805401522 2026-10-05 Alias Franks 15m  Conover Court  13330 Northeast 111th Court, Redmond, Washington, 98052
    CREATE 5324-1808364945 2026-10-05 Robert Norton 15m  Scott  Moser  10411 Southeast 219th Street, Kent, Washington, 98031
    CREATE 4515-1830809785 2026-10-05 Robert Norton 15m  Kelly Kunz  22849 172nd Avenue Southeast, Kent, Washington, 98042
    CREATE 6926-1833716839 2026-10-05 Alias Franks 15m  Chris Mckenzie  13225 Northeast 47th Street, Bellevue, Washington, 98005
    CREATE 7088-1867818444 2026-10-05 Tavis Alexander 15m  Kay Neal  11277 Marine View Drive Southwest, Seattle, Washington, 98146
    CREATE 7362-1917564285 2026-10-05 Tavis Alexander 15m  Velena Bryant  3516 Cheasty Boulevard South, Seattle, Washington, 98144
    CREATE 7624-2016838582 2026-10-05 Alias Franks 15m  Greg Thoreson  9308 Northeast 176th Street, Bothell, Washington, 98011
    CREATE 7682-2040455836 2026-10-05 Luke LaVergne 15m  Brad Smallwood  1420 Josephine Court Southeast, Olympia, Washington, 98503
    CREATE 7711-2054203864 2026-10-05 Alias Franks 15m  Jackie Owner  8613 Northeast 141st Street, Kirkland, Washington, 98034
    CREATE 7736-2062850408 2026-10-05 Robert Norton 15m  Rita Conger  1009 Crest Place, Kent, Washington, 98031
    CREATE 7803-2098750853 2026-10-05 Luke LaVergne 15m  Faith Trimble  1527 Overhulse Road Northwest, Olympia, Washington, 98502
    CREATE 7804-2099659408 2026-10-05 Luke LaVergne 15m  Ron Bramlett  1546 Reservation Road Southeast, unit 123, Olympia, Washington, 98513
    CREATE 7809-2102495851 2026-10-05 Luke LaVergne 15m  Nick Pillon  1809 36th Avenue Northeast, Olympia, Washington, 98506
    CREATE 7810-2102497685 2026-10-05 Luke LaVergne 15m  Jason Noahr  4529 Marvin Road Northeast, Lacey, Washington, 98516
    CREATE 7815-2105335608 2026-10-05 Luke LaVergne 15m  Columbus Candies  6815 Nels Street Southwest, Olympia, Washington, 98512
    CREATE 7822-2107367020 2026-10-05 Luke LaVergne 15m  Ellie Karl  7941 Zangle Road Northeast, Olympia, Washington, 98506
    CREATE 7824-2108534470 2026-10-05 Luke LaVergne 15m  Carl Iverson  6526 79th Avenue Northeast, Olympia, Washington, 98516
    CREATE 7834-2115671759 2026-10-05 Alias Franks 15m  Ganesh   Thirumalai  2426 131st Place Northeast, Bellevue, Washington, 98005
    CREATE 6239-2122434227 2026-10-05 Tavis Alexander 15m  Lauren Kenyon  14227 8th Avenue South, Burien, Washington, 98168
    CREATE 7891-2159693696 2026-10-05 Luke LaVergne 15m  Westly Wright  4916 69th Avenue Northwest, Olympia, Washington, 98502
    CREATE 7893-2161458712 2026-10-05 Luke LaVergne 15m  Miles Magnuson  3030 Aspinwall Road Northwest, Olympia, Washington, 98502
    CREATE 7917-2176623409 2026-10-05 Robert Norton 15m  Larry Kauzlarich  25324 136th Avenue Southeast, Kent, Washington, 98042
    CREATE 7936-2190059056 2026-10-05 Luke LaVergne 15m  Dennis Tuomi  2020 Delphi Road Southwest, Olympia, Washington, 98512
    CREATE 7996-2216280502 2026-10-05 Luke LaVergne 15m  Robert Davis  1546 Reservation Road Southeast, unit 116, Olympia, Washington, 98513
    CREATE 8060-2231424554 2026-10-05 Alias Franks 15m  Blake Diers  11837 Holmes Point Drive Northeast, Kirkland, Washington, 98034
    CREATE 8065-2232218121 2026-10-05 Tavis Alexander 15m  Aleyna Yamaguchi  10537 14th Avenue South, Seattle, Washington, 98168
    CREATE 8122-2242745191 2026-10-05 Robert Norton 15m  Bob Roggenbach  14522 Southeast 213th Street, Kent, Washington, 98042
    CREATE 8210-2261152094 2026-10-05 Luke LaVergne 15m  David Preston  8004 Mountain Aire Court Southeast, Olympia, Washington, 98503
    CREATE 8589-2333455051 2026-10-05 Luke LaVergne 15m  Judy Brown  1400 Heron Court, DuPont, Washington, 98327
    CREATE 8634-2344012455 2026-10-05 Alias Franks 15m  Colleen Rasmussen  1113 2nd Street, Kirkland, Washington, 98033
    CREATE 8635-2344012564 2026-10-05 Tavis Alexander 15m  Amanda Williams  3019 Southwest 110th Street, Seattle, Washington, 98146
    CREATE 8646-2347882699 2026-10-05 Tavis Alexander 15m  Austin Rainwater  246 Dorffel Drive East, Seattle, Washington, 98112
    CREATE 8648-2347893561 2026-10-05 Tavis Alexander 15m  Chris Kerr  6010 49th Avenue Southwest, Seattle, Washington, 98136
    CREATE 8662-2353251750 2026-10-05 Robert Norton 30m  Dan Rystrom  13313 Southeast Fairwood Boulevard, Renton, Washington, 98058
    CREATE 8573-2325849167 2026-10-05 Alias Franks 15m  Judy Lee  2015 228th Place SouthWest, Bothell, Washington, 98021
    CREATE 8588-2333262890 2026-10-05 Luke LaVergne 15m  Dean Adamo  709 Summit Lake Shore Road Northwest, Olympia, Washington, 98502
    CREATE 8590-2333526256 2026-10-05 Luke LaVergne 15m  Nicole Calloway  1319 14th Avenue Southwest, Olympia, Washington, 98502
    CREATE 8461-2303106412 2026-10-05 Tavis Alexander 15m  Mary Greco  5264 46th Avenue Southwest, Seattle, Washington, 98136
    CREATE 8562-2324412530 2026-10-05 Alias Franks 15m  Sri Velamoor  11409 Northeast 91st Street, Kirkland, Washington, 98033
    CREATE 8525-2316832541 2026-10-05 Tavis Alexander 15m  Joseph Trump  3306 35th Avenue Southwest, Seattle, Washington, 98126
    CREATE 8527-2317027285 2026-10-05 Luke LaVergne 15m  James Elliott  3236 Gravelly Beach Loop Northwest, Olympia, Washington, 98502
    CREATE 8623-2339147861 2026-10-05 Tavis Alexander 15m  James Willis  3033 48th Avenue Southwest, Seattle, Washington, 98116
    CREATE 8193-2259496033 2026-10-05 Tavis Alexander 15m  Erica Benson  4746 50th Avenue Southwest, Seattle, Washington, 98116
    CREATE 8524-2316828346 2026-10-05 Tavis Alexander 15m  Michael Sobieck  5474 Beach Drive Southwest, Seattle, Washington, 98136
    CREATE 8572-2325840897 2026-10-05 Alias Franks 15m  Ramit Malhotra  5811 116th Avenue Northeast, Kirkland, Washington, 98033
    CREATE 8600-2336538529 2026-10-05 Tavis Alexander 15m  Sam Leonard  3035 46th Avenue Southwest, Seattle, Washington, 98116
    CREATE 8607-2336574630 2026-10-05 Tavis Alexander 15m  Ben Mathes  1429 Sunset Avenue Southwest, Seattle, Washington, 98116
    CREATE 8615-2338494841 2026-10-05 Luke LaVergne 15m  Jim Killgore  4220 Bainbridge Court Northeast, Lacey, Washington, 98516
    CREATE 8640-2346125464 2026-10-05 Alias Franks 15m  Linda Devitis  10506 114th Place Northeast, Kirkland, Washington, 98033
    CREATE 8492-2310233600 2026-10-05 Luke LaVergne 15m  John Mcmanus  9618 Regency Loop Southeast, Olympia, Washington, 98513
    CREATE 8518-2315661966 2026-10-05 Tavis Alexander 15m  Leo Coronado  12882 Shorecrest Drive Southwest, Burien, Washington, 98146
    CREATE 8592-2333909026 2026-10-05 Alias Franks 15m  George Tsantilas  9311 135th Place Northeast, Redmond, Washington, 98052
    CREATE 8449-2301456661 2026-10-05 Luke LaVergne 15m  Steve Vernon  5146 Blacktail Court Northeast, Olympia, Washington, 98516
    CREATE 8523-2316825091 2026-10-05 Alias Franks 15m  Bill Hewitt  13332 Northeast 55th Place, Bellevue, Washington, 98005
    CREATE 8202-2259592336 2026-10-05 Robert Norton 15m  Amy  Collins  21449 94th Place South, Kent, Washington, 98031
    CREATE 8522-2316822257 2026-10-05 Robert Norton 15m  Gourav Saha  18708 132nd Place Southeast, Renton, Washington, 98058
    CREATE 8238-2265641334 2026-10-06 Alias Franks 15m  Joshua  Chao  11020 39th Avenue Northeast, Seattle, Washington, 98125
    CREATE 8287-2273490604 2026-10-06 Alias Franks 15m  Brian Hunt  17245 14th Avenue Northwest, Shoreline, WA, 98177
    CREATE 8289-2273495888 2026-10-06 Tavis Alexander 15m  Chad Vetter  11446 71st Place South, Seattle, Washington, 98178
    CREATE 8388-2292800165 2026-10-06 Alias Franks 15m  Mike Marinella  745 North 195th Street, Shoreline, Washington, 98133
    CREATE 4492-2294798365 2026-10-06 Robert Norton 15m  Rich Porter  32031 170th Place Southeast, Auburn, Washington, 98092
    CREATE 8421-2296258867 2026-10-06 Alias Franks 15m  Erik Severson  2560 10th Avenue West, Seattle, Washington, 98119
    CREATE 8431-2297635823 2026-10-06 Cory Ventura 12m  Julie Woods  16202 76th Avenue Court East, Puyallup, Washington, 98375
    CREATE 8436-2298658371 2026-10-06 Luke LaVergne 15m  Monty Mansfield  14307 501st Street East, Eatonville, Washington, 98328
    CREATE 8452-2301463865 2026-10-06 Robert Norton 15m  Shawna Mobley  19216 Southeast 328th Place, Kent, Washington, 98042
    CREATE 8557-2322279055 2026-10-06 Alias Franks 15m  Tad Hutchison  8604 38th Avenue Northeast, Seattle, Washington, 98115
    CREATE 8560-2323384858 2026-10-06 Cory Ventura 12m  Patty  Ring  6810 162nd Street Court East, Puyallup, Washington, 98375
    CREATE 8593-2333944114 2026-10-06 Cory Ventura 12m  Kevin Milliren  14007 136th Street Court East, Orting, Washington, 98360
    CREATE 8602-2337853944 2026-10-06 Robert Norton 15m  Mike Laidley  10914 Southeast 293rd Street, Auburn, Washington, 98092
    CREATE 7444-2339145225 2026-10-06 Robert Norton 15m  Theo Vervilles  25202 Kanasket Drive, Black Diamond, Washington, 98010
    CREATE 7489-2339696199 2026-10-06 Robert Norton 15m  Cheryl Davis  22113 Southeast Sawyer Ridge, Black Diamond, Washington, 98010
    CREATE 7494-2339699848 2026-10-06 Robert Norton 15m  Gary Smart  22105 Southeast Sawyer Ridge, Black Diamond, Washington, 98010
    CREATE 7853-2345277036 2026-10-06 Cory Ventura 12m  Jim Vaughn  14017 145th Avenue East, Orting, Washington, 98360
    CREATE 4480-2345354487 2026-10-06 Cory Ventura 12m  Amanda Willard  14110 80th Street East, Puyallup, Washington, 98372
    CREATE 8375-2345632309 2026-10-06 Cory Ventura 12m  Johnny Evans  14020 112th Avenue Court East, Puyallup, Washington, 98374
    CREATE 7725-2347391607 2026-10-06 Luke LaVergne 15m  Suzanne Gullace  26707 Orville Road East, Orting, Washington, 98360
    CREATE 8291-2347441802 2026-10-06 Robert Norton 15m  John & Jasmine Foth  21405 Southeast 292nd Place, Kent, Washington, 98042
    CREATE 8482-2347451495 2026-10-06 Alias Franks 15m  Joseph Rollins  2315 Northeast 92nd Street, Seattle, Washington, 98115
    CREATE 6953-2347490158 2026-10-06 Robert Norton 15m  Jean Brannen  25612 209th Loop Southeast, Covington, Washington, 98042
    CREATE 5602-2347502368 2026-10-06 Robert Norton 15m  Sandee Smith  25719 209th Loop Southeast, Covington, Washington, 98042
    CREATE 8488-2347578983 2026-10-06 Tavis Alexander 15m  Terry Wirth  3109 109th Avenue Southeast, Bellevue, Washington, 98004
    CREATE 8505-2347730842 2026-10-06 Tavis Alexander 15m  Roberto Dondisch  8230 84th Avenue Southeast, Mercer Island, Washington, 98040
    CREATE 8649-2347897832 2026-10-06 Tavis Alexander 15m  Stella Sun  2203 79th Avenue Northeast, Medina, Washington, 98039
    CREATE 8659-2349484287 2026-10-06 Luke LaVergne 15m  Dennis Gentele  1525 347th Street Court East, Roy, Washington, 98580
    CREATE 6303-1615059612 2026-10-06 Tavis Alexander 15m  Patrick Tanner  6855 West Mercer Way, Mercer Island, Washington, 98040
    CREATE 5025-1653713596 2026-10-06 Robert Norton 15m  Bye The Green Condominiums  3402 I Street Northeast, Auburn, Washington, 98002
    CREATE 6420-1658060972 2026-10-06 Alias Franks 15m  Vikrant Jain  7302 58th Avenue Northeast, Seattle, Washington, 98115
    CREATE 5077-1691585429 2026-10-06 Luke LaVergne 15m  Ruth  Edwards  14607 260th Street East, Graham, Washington, 98338
    CREATE 5192-1702508284 2026-10-06 Luke LaVergne 15m  Candice Storm  43015 32nd Ave E, Eatonville, WASHINGTON, 98328
    CREATE 5024-1702511847 2026-10-06 Cory Ventura 12m  Brienna Dyberg  16603 71 Avenue East, Puyallup, Washington, 98375
    CREATE 5413-1718745014 2026-10-06 Luke LaVergne 15m  Ron Houlihan  23602 Orting Kapowsin Hwy, graham, Washington, 98338
    CREATE 5540-1718978555 2026-10-06 Cory Ventura 12m  Chris Thornhill  19801 150th Avenue East, Graham, Washington, 98338
    CREATE 6389-1737865557 2026-10-06 Cory Ventura 12m  Clint Bjornson  21804 171st Avenue Court East, Graham, Washington, 98338
    CREATE 6545-1741299808 2026-10-06 Tavis Alexander 15m  Rosemarie Havranek  7939 Overlake Drive West, Medina, Washington, 98039
    CREATE 6555-1746499069 2026-10-06 Robert Norton 15m  Matt Coder  17644 Southeast Lake Moneysmith Road, Auburn, Washington, 98092
    CREATE 4941-1757851597 2026-10-06 Cory Ventura 12m  Daniel Hoffman  6519 119th Avenue East, Puyallup, Washington, 98372
    CREATE 6619-1776930418 2026-10-06 Luke LaVergne 15m  Pam Griffin  227 Dow Ridge Drive North, Eatonville, Washington, 98328
    CREATE 6784-1810350516 2026-10-06 Luke LaVergne 15m  Adam Kimball  10626 270th Street East, Graham, Washington, 98338
    CREATE 5411-1820717474 2026-10-06 Tavis Alexander 15m  Paul Klansnic  17107 Southeast Cougar Mountain Drive, Bellevue, Washington, 98006
    CREATE 4425-1850020032 2026-10-06 Cory Ventura 12m  Thomas Spring Estates  8804 199th St E, Spanaway, Wa, 98387
    CREATE 5940-1870719131 2026-10-06 Tavis Alexander 15m  Don Severide  17137 Southeast 47th Place, Bellevue, Washington, 98006
    CREATE 4549-1880518956 2026-10-06 Cory Ventura 12m  Carrie Williamson  1001 Shaw Road East, Puyallup, Washington, 98372
    CREATE 5780-1880520515 2026-10-06 Cory Ventura 12m  Susy Bevans  1917 9th Avenue Southeast, Puyallup, Washington, 98372
    CREATE 7183-1889098188 2026-10-06 Tavis Alexander 15m  Eric Dworkis  714 145th Avenue Southeast, Bellevue, Washington, 98007
    CREATE 7267-1901629517 2026-10-06 Tavis Alexander 15m  Dennis Mccreery  905 178th Avenue Northeast, Bellevue, Washington, 98008
    CREATE 5954-1912197348 2026-10-06 Luke LaVergne 15m  Loren Vail  22411 135th Avenue Court East, Graham, Washington, 98338
    CREATE 5597-1912251751 2026-10-06 Cory Ventura 12m  Jim McGowan  15207 106th Street East, Puyallup, Washington, 98374
    CREATE 4608-1912588278 2026-10-06 Cory Ventura 12m  Kristi Rice  6020 128th Street East, Puyallup, Washington, 98373
    CREATE 7365-1918288619 2026-10-06 Robert Norton 15m  Paul Hwang  31742 222nd Court Southeast, Black Diamond, Washington, 98010
    CREATE 7457-1939839681 2026-10-06 Luke LaVergne 15m  Chris Sita  23703 Orting Kapowsin Highway East, Graham, Washington, 98338
    CREATE 4777-1966485659 2026-10-06 Robert Norton 15m  Al Chappell  29312 118th Avenue Southeast, Auburn, Washington, 98092
    CREATE 6064-1980793862 2026-10-06 Cory Ventura 12m  Joe  Edmunson  21411 Jansky Road East, Graham, Washington, 98338
    CREATE 6116-1986408293 2026-10-06 Tavis Alexander 15m  Noel Murphy  11041 Southeast 26th Street, Bellevue, Washington, 98004
    CREATE 7496-2047096436 2026-10-06 Cory Ventura 12m  Vince Preece  14811 172nd Street East, Orting, Washington, 98360
    CREATE 7723-2056042317 2026-10-06 Cory Ventura 12m  Chad Peterson  13219 62nd Ave E, Puyallup, WA, 98363
    CREATE 7740-2062933277 2026-10-06 Luke LaVergne 15m  Marnee Humphrey  11103 216th Street East, Graham, Washington, 98338
    CREATE 7744-2063541056 2026-10-06 Tavis Alexander 15m  GC Bellefield, LLC.  1450 114th Avenue Southeast, suite 205, Bellevue, Washington, 98004
    CREATE 7747-2064947926 2026-10-06 Cory Ventura 12m  Leeroy Perkins  20107 135th Avenue East, Graham, Washington, 98338
    CREATE 7764-2071869406 2026-10-06 Cory Ventura 12m  Michallea Schuelke  13202 85th Avenue East, Puyallup, Washington, 98373
    CREATE 7424-2084222415 2026-10-06 Alias Franks 15m  Irene VandenBrink  5002 35th Avenue Northeast, Seattle, Washington, 98105
    CREATE 6083-2089244620 2026-10-06 Robert Norton 15m  Chantal Padilla  33430 210th Avenue Southeast, Auburn, Washington, 98092
    CREATE 7795-2090045627 2026-10-06 Luke LaVergne 15m  Kristin Collett  30812 129th Avenue East, Graham, Washington, 98338
    CREATE 7805-2099670569 2026-10-06 Luke LaVergne 15m  Dave Combs  16923 452nd Street East, Eatonville, Washington, 98328
    CREATE 7819-2106927246 2026-10-06 Robert Norton 15m  Kirsten Taylor  21711 Southeast 259th Street, Maple Valley, Washington, 98038
    CREATE 7685-2106942185 2026-10-06 Robert Norton 15m  Mark Fisher  21703 Southeast 259th Street, Maple Valley, Washington, 98038
    CREATE 7839-2117235408 2026-10-06 Cory Ventura 12m  Jason Andrews  13223 Bingham Avenue East, Tacoma, Washington, 98446
    CREATE 7857-2135671258 2026-10-06 Robert Norton 15m  Bob Davies  32505 162nd Avenue Southeast, Auburn, Washington, 98092
    CREATE 7885-2154707215 2026-10-06 Alias Franks 15m  Michael Jones  8800 26th Avenue Northwest, Seattle, Washington, 98117
    CREATE 7939-2191052063 2026-10-06 Alias Franks 15m  Richard Driscoll  2327 Northeast 127th Street, Seattle, Washington, 98125
    CREATE 7962-2201297329 2026-10-06 Robert Norton 15m  Joann Mortenson  29206 157th Avenue Southeast, Kent, Washington, 98042
    CREATE 7960-2215770728 2026-10-06 Tavis Alexander 15m  Danielle Steele  14571 Southeast 51st Street, Bellevue, Washington, 98006
    CREATE 8023-2221233774 2026-10-06 Robert Norton 15m  Neil Gokey  33150 202nd Place Southeast, Auburn, Washington, 98092
    CREATE 8067-2232219538 2026-10-06 Luke LaVergne 15m  Gerryann Jurva  30212 91st Avenue East, Graham, Washington, 98338
    CREATE 8113-2240794025 2026-10-06 Tavis Alexander 15m  Max Ye  6670 170th Place Southeast, Bellevue, Washington, 98006
    CREATE 8133-2244933523 2026-10-06 Cory Ventura 12m  Shane Taylor  15206 58 Avenue East, Puyallup, Washington, 98375
    CREATE 8509-2312571856 2026-10-06 Robert Norton 15m  Sarabjit Kaur  32937 134th Court Southeast, Auburn, Washington, 98092
    CREATE 8652-2347943402 2026-10-06 Tavis Alexander 15m  Roberto Dondisch  8230 84th Avenue Southeast, Mercer Island, Washington, 98040
    CREATE 8551-2321792506 2026-10-06 Tavis Alexander 15m  Liz Silke  8290 Southeast 82nd Street, Mercer Island, Washington, 98040
    CREATE 8571-2325833357 2026-10-06 Robert Norton 15m  Sue Pennock  33448 220th Place Southeast, Auburn, Washington, 98092
    CREATE 8663-2353254774 2026-10-06 Alias Franks 30m  Larry Soriano  3200 Magnolia Boulevard West, Seattle, Washington, 98199
    CREATE 8639-2346053026 2026-10-06 Tavis Alexander 15m  Louise Gordon  9001 Points Drive Northeast, Clyde Hill, Washington, 98004
    CREATE 6334-2337756359 2026-10-06 Robert Norton 15m  Alexandra Daley  28705 124th Avenue Southeast, Auburn, Washington, 98092
    CREATE 8564-2324418824 2026-10-06 Alias Franks 15m  Jared Schapiro  17805 Wayne Avenue North, Shoreline, WA, 98133
    CREATE 8566-2324422320 2026-10-06 Tavis Alexander 15m  Janelle Stewart  4600 Forest Avenue Southeast, Mercer Island, Washington, 98040
    CREATE 5639-2278337088 2026-10-06 Luke LaVergne 15m  Larry Lemmon  10511 438th Street Court East, Eatonville, Washington, 98328
    CREATE 8598-2336532998 2026-10-06 Alias Franks 15m  John Mcinerny  17240 13th Avenue Northwest, Shoreline, Washington, 98177
    CREATE 8619-2338506919 2026-10-06 Cory Ventura 12m  Amy Crenshaw-Burns  8806 123rd Street East, Puyallup, Washington, 98373
    CREATE 8169-2253062101 2026-10-06 Tavis Alexander 15m  Donna Jensen  3824 165th Place Southeast, Bellevue, Washington, 98008
    CREATE 8318-2277596700 2026-10-06 Cory Ventura 12m  Dave Sinner  13701 210th Street East, Graham, Washington, 98338
    CREATE 8613-2337971756 2026-10-06 Tavis Alexander 15m  Steve Burns  7831 Northeast 10th Street, Medina, Washington, 98039
    CREATE 6400-2310063670 2026-10-06 Robert Norton 15m  Dave Mcclung  32906 181st Avenue Southeast, Auburn, Washington, 98092
    CREATE 8569-2325654197 2026-10-06 Tavis Alexander 15m  Tia Avril  2034 94th Avenue Northeast, Clyde Hill, Washington, 98004
    CREATE 8605-2336569865 2026-10-06 Tavis Alexander 15m  Yara Chen  9812 Northeast 31st Street, Bellevue, Washington, 98004
    CREATE 8610-2336586806 2026-10-06 Cory Ventura 12m  Chris Gregg  10622 125th Street East, Puyallup, Washington, 98374
    CREATE 8611-2336588204 2026-10-06 Luke LaVergne 15m  Melissa  Bobbit  14712 234th Street East, Graham, Washington, 98338
    CREATE 8614-2338493379 2026-10-06 Luke LaVergne 15m  Tamira  Gilbert  23014 145th Avenue East, Graham, Washington, 98338
    CREATE 8462-2303109476 2026-10-06 Alias Franks 15m  Spencer Jacobs  3516 North East 105th Street, Seattle, WA, 98125
    CREATE 8473-2305383419 2026-10-06 Alias Franks 15m  Nate Ceres  2405 Northeast 133rd Street, Seattle, Washington, 98125
    CREATE 8507-2312558033 2026-10-06 Robert Norton 15m  Sheryl Toland  22412 Southeast 323rd Street, Kent, Washington, 98042
    CREATE 8514-2313838666 2026-10-06 Robert Norton 15m  Cathy Conner  32104 116th Avenue Southeast, Auburn, Washington, 98092
    CREATE 8535-2319706369 2026-10-06 Alias Franks 15m  Dan Dawkins  13735 Wayne Place North, Seattle, Washington, 98133
    CREATE 8536-2319711389 2026-10-06 Tavis Alexander 15m  Wendy Perkins  3436 Evergreen Point Road, Medina, Washington, 98039
    CREATE 8537-2319722024 2026-10-06 Tavis Alexander 15m  Emma Liu  1444 Evergreen Point Road, Medina, Washington, 98039
    CREATE 8570-2325825658 2026-10-06 Alias Franks 15m  Michael Glover  6914 56th Ave NE, Seattle, Wa, 98115
    CREATE 8584-2332496473 2026-10-06 Tavis Alexander 15m  Suma Prasad  7640 Northeast 8th Street, Medina, Washington, 98039
    CREATE 8534-2319702724 2026-10-06 Alias Franks 15m  Mary Jeffers  10527 11th Avenue Northwest, Seattle, Washington, 98177
    CREATE 8526-2317027130 2026-10-06 Luke LaVergne 15m  Jake Fox  8903 222nd Street Court East, Graham, Washington, 98338
    CREATE 8587-2332582263 2026-10-06 Luke LaVergne 15m  Mitchell Gasser  31619 26th Avenue East, Graham, Washington, 98338
    CREATE 8558-2322281777 2026-10-06 Alias Franks 15m  John Obrien  3515 magnolia blvd, Seattle, Washington, 98199
    CREATE 8574-2326312917 2026-10-06 Alias Franks 15m  Saber Mirzaei  2837 39th Avenue West, Seattle, Washington, 98199
    CREATE 8578-2326351277 2026-10-06 Luke LaVergne 15m  Eric Hill  27520 126th Avenue East, Graham, Washington, 98338
    CREATE 8579-2326368092 2026-10-06 Robert Norton 15m  Gurwinder Sandhu  29442 118th Avenue Southeast, Auburn, Washington, 98092
    CREATE 8641-2346390672 2026-10-06 Luke LaVergne 15m  Stas  37816 99th Avenue Court East, Eatonville, Washington, 98328
    CREATE 7684-2344010395 2026-10-06 Robert Norton 15m  Dennis Higashiyama  21621 Southeast 259th Street, Maple Valley, Washington, 98038
    CREATE 8638-2344013380 2026-10-06 Tavis Alexander 15m  Nik bhogal  9620 Northeast 25th Street, Clyde Hill, Washington, 98004
    CREATE 8155-2248823452 2026-10-07 Robert Norton 15m  Bac Walker  25626 Lake Fenwick Road, Kent, Washington, 98032
    CREATE 8217-2261194665 2026-10-07 Alias Franks 15m  Aziz El-solh  14327 189th Way Northeast, Woodinville, Washington, 98072
    CREATE 8246-2267625561 2026-10-07 Alias Franks 15m  Pia Graves  21227 Northeast 154th Street, Woodinville, Washington, 98077
    CREATE 8251-2268072856 2026-10-07 Cory Ventura 12m  Mike Malgarini  25519 Southeast 392nd Street, Enumclaw, Washington, 98022
    CREATE 8305-2277336396 2026-10-07 Tavis Alexander 15m  Douglas  Kelly  23017 21st Avenue South, Des Moines, Washington, 98198
    CREATE 8345-2284360328 2026-10-07 Tavis Alexander 15m  Jennifer Pere  10202 44th Avenue Southwest, Seattle, Washington, 98146
    CREATE 8391-2292835668 2026-10-07 Luke LaVergne 15m  Mike Rhodes  5602 High Acres Drive Northwest, Gig Harbor, Washington, 98332
    CREATE 8417-2295922373 2026-10-07 Luke LaVergne 15m  Lynn Anderson  7008 Teal Loop, Gig Harbor, Washington, 98335
    CREATE 8428-2297627043 2026-10-07 Cory Ventura 12m  Keith Mathews  27923 Southeast 416th Street, Enumclaw, Washington, 98022
    CREATE 8548-2321196544 2026-10-07 Luke LaVergne 15m  Aaron Rutledge  4824 Old Stump Drive Northwest, Gig Harbor, Washington, 98332
    CREATE 8565-2324421295 2026-10-07 Luke LaVergne 15m  Daniel Gagen  13616 Thomas Road Northwest, Gig Harbor, WA, 98329
    CREATE 8586-2332552735 2026-10-07 Robert Norton 15m  Deidre Moore  2505 South 299th Street, Federal Way, Washington, 98003
    CREATE 7617-2340791496 2026-10-07 Robert Norton 15m  Prologis - Sumner Landing  1601 Industrial Parkway, Puyallup, Washington, 98371
    CREATE 7713-2341068897 2026-10-07 Robert Norton 15m  Scott Fritschle  33704 Military Road South, Auburn, Washington, 98001
    CREATE 8487-2348478175 2026-10-07 Luke LaVergne 15m  Ashley Daniel  9820 Harborview Place, Gig Harbor, Washington, 98332
    CREATE 7757-2348587786 2026-10-07 Cory Ventura 12m  Dan Flood  39119 232nd Avenue Southeast, Enumclaw, Washington, 98022
    CREATE 8406-2348636206 2026-10-07 Alias Franks 15m  Jessica Angel  14020 228th Street Southeast, Snohomish, Washington, 98296
    CREATE 6418-2348644803 2026-10-07 Cory Ventura 12m  Diana Silva  15706 Southeast 376th Street, Auburn, Washington, 98092
    CREATE 8372-2348733466 2026-10-07 Tavis Alexander 15m  Travis Bruce  809 South Sullivan Street, Seattle, Washington, 98108
    CREATE 8269-2348761887 2026-10-07 Cory Ventura 12m  Holly Quionez  38410 Enumclaw Franklin Road Southeast, Enumclaw, Washington, 98022
    CREATE 8489-2348996052 2026-10-07 Robert Norton 15m  Jason Kjellesvik  1518 52nd Street Northeast, Tacoma, Washington, 98422
    CREATE 8657-2349384275 2026-10-07 Alias Franks 15m  Steve  Mcdonough  5022 134th Place Southeast, Snohomish, Washington, 98296
    CREATE 8658-2349425106 2026-10-07 Cory Ventura 12m  Russ Crawford  37418 West Lake Walker Drive Southeast, Enumclaw, Washington, 98022
    CREATE 6270-1608590299 2026-10-07 Alias Franks 15m  Gwen Morton  19417 233rd Ave NE, Woodinville, Wa, 98077
    CREATE 4821-1608590939 2026-10-07 Cory Ventura 12m  David Ballestrasse  27930 Southeast 432nd Street, Enumclaw, Washington, 98022
    CREATE 6329-1622709177 2026-10-07 Alias Franks 15m  Akanksha Singh  11030 220th Place Northeast, Redmond, Washington, 98053
    CREATE 6352-1636520380 2026-10-07 Tavis Alexander 15m  City of Renton - Clayton Scott Field  243 West Perimeter Road, Renton, Washington, 98057
    CREATE 6382-1647598856 2026-10-07 Robert Norton 15m  Jared Haines  35024 37th Avenue South, Auburn, Washington, 98001
    CREATE 5035-1653715944 2026-10-07 Cory Ventura 12m  Kathy Wilson  44402 216th Avenue Southeast, Enumclaw, Washington, 98022
    CREATE 5438-1660629058 2026-10-07 Robert Norton 15m  Jan Stanfield  3822 116th Avenue Court East, Edgewood, Washington, 98372
    CREATE 6449-1669502381 2026-10-07 Cory Ventura 12m  Daniel Issacs  23102 Southeast 448th Street, Enumclaw, Washington, 98022
    CREATE 5369-1691901970 2026-10-07 Robert Norton 15m  Chris Doll  3021 110th Avenue East, Edgewood, Washington, 98372
    CREATE 5328-1702467449 2026-10-07 Cory Ventura 12m  Dave Belmont  27920 Se 464th St., Enumclaw, WA, 98022
    CREATE 5329-1702468687 2026-10-07 Cory Ventura 12m  Pat Birkeland  46504 276th Avenue Southeast, Enumclaw, Washington, 98022
    CREATE 5260-1702472580 2026-10-07 Cory Ventura 12m  Kathy Lewis  38921 212th Avenue Southeast, Enumclaw, Washington, 98022
    CREATE 5330-1718757044 2026-10-07 Cory Ventura 12m  Maggie Pierotti  27205 Southeast 416th Street, Enumclaw, Washington, 98022
    CREATE 5432-1735740219 2026-10-07 Cory Ventura 12m  Nancy  Price  27985 Southeast 456th Street, Enumclaw, Washington, 98022
    CREATE 5503-1770748065 2026-10-07 Cory Ventura 12m  Nichole Avila  24831 Southeast Green Valley Road, Auburn, Washington, 98092
    CREATE 6607-1771843077 2026-10-07 Alias Franks 15m  Jonathan Kim-Hull  13611 Bear Creek Road Northeast, Woodinville, Washington, 98077
    CREATE 6649-1783833894 2026-10-07 Robert Norton 15m  Theresa  Hall  3326 43rd Place Northeast, Tacoma, Washington, 98422
    CREATE 5672-1798664551 2026-10-07 Robert Norton 15m  Rachel Brouhard  10808 Valley Avenue East, Puyallup, Washington, 98372
    CREATE 5713-1815955461 2026-10-07 Cory Ventura 12m  Jeff Hudson  27507 Southeast 392nd Street, Enumclaw, Washington, 98022
    CREATE 6849-1820873832 2026-10-07 Alias Franks 15m  Michelle  Rasmussen  18920 164th Avenue Northeast, Woodinville, Washington, 98072
    CREATE 5700-1821393248 2026-10-07 Tavis Alexander 15m  John Siebenbaum  3928 South 113th Street, Tukwila, Washington, 98168
    CREATE 7247-1899450461 2026-10-07 Robert Norton 15m  Lynn Clapp  3929 Blossom Drive Northeast, Tacoma, Washington, 98422
    CREATE 5818-1912225075 2026-10-07 Cory Ventura 12m  Blaine Wright  23618 Southeast 380th Street, Enumclaw, Washington, 98022
    CREATE 4741-1912554437 2026-10-07 Robert Norton 15m  Ron Krebbs  11317 Valley Ave. E, Puyallup, Washington, 98372
    CREATE 4479-1912601453 2026-10-07 Cory Ventura 12m  Charles Bender  41716 207th Avenue Southeast, Enumclaw, Washington, 98022
    CREATE 7434-1932527474 2026-10-07 Alias Franks 15m  Linda Lowe  19407 229th Avenue Northeast, Woodinville, Washington, 98077
    CREATE 7476-1950305905 2026-10-07 Robert Norton 15m  Craig Koester  34420 9th Avenue South, Federal Way, Washington, 98003
    CREATE 7482-1951570323 2026-10-07 Cory Ventura 12m  Mark Dumler  39005 232nd Avenue Southeast, Enumclaw, Washington, 98022
    CREATE 7475-1956036751 2026-10-07 Tavis Alexander 15m  Hannah  Jacobson  660 Southwest 199th Place, Normandy Park, Washington, 98166
    CREATE 7504-1960881330 2026-10-07 Alias Franks 15m  Lisa Shaughnessy  16012 154th Avenue Northeast, Woodinville, Washington, 98072
    CREATE 7517-1970470242 2026-10-07 Robert Norton 15m  Balbir Houthi  27538 46th Avenue South, Auburn, Washington, 98001
    CREATE 7459-1972718177 2026-10-07 Tavis Alexander 15m  Larry McGowan  6820 South 120th Place, Seattle, Washington, 98178
    CREATE 7548-1990402337 2026-10-07 Robert Norton 15m  HyperGreen Landscaping  5605 South 362nd Place, Auburn, Washington, 98001
    CREATE 7560-1997997033 2026-10-07 Luke LaVergne 15m  Alex Alexeev  15760 Peacock Hill Road Southeast, Olalla, Washington, 98359
    CREATE 6162-1998016432 2026-10-07 Cory Ventura 12m  Scott Barker  41604 218th Avenue Southeast, Enumclaw, Washington, 98022
    CREATE 7608-2014279993 2026-10-07 Tavis Alexander 15m  Scott Hamilton  10421 26th Avenue Southwest, Seattle, Washington, 98146
    CREATE 7623-2015794285 2026-10-07 Cory Ventura 12m  Pao Lor  3501 Auburn Way South, unit 49, Auburn, Washington, 98092
    CREATE 7317-2017346033 2026-10-07 Tavis Alexander 15m  Chris Bartlett  17416 12th Place Southwest, Normandy Park, Washington, 98166
    CREATE 7639-2022582008 2026-10-07 Alias Franks 15m  Marla Poor  24125 85th Avenue Southeast, Woodinville, Washington, 98072
    CREATE 5440-2027785833 2026-10-07 Cory Ventura 12m  Steve Hewitt  37632 176th se, Auburn, Wa, 98092
    CREATE 7696-2047148495 2026-10-07 Luke LaVergne 15m  Mary Cooper  1108 Queets Drive, Fox Island, Washington, 98333
    CREATE 7704-2050067395 2026-10-07 Cory Ventura 12m  Tyler Smythe  38900 310th Avenue Southeast, Enumclaw, Washington, 98022
    CREATE 7751-2066939127 2026-10-07 Tavis Alexander 15m  Charles Strauss  13017 41st Avenue South, Tukwila, Washington, 98168
    CREATE 7765-2071883277 2026-10-07 Cory Ventura 12m  Brenton Unger  39008 307th Avenue Southeast, Enumclaw, Washington, 98022
    CREATE 7776-2082030358 2026-10-07 Alias Franks 15m  Marius Ungureanu  15207 216th Avenue Northeast, Woodinville, Washington, 98077
    CREATE 7806-2100726742 2026-10-07 Cory Ventura 12m  Jean Hamilton  43415 248th Avenue Southeast, Enumclaw, Washington, 98022
    CREATE 7818-2106905785 2026-10-07 Cory Ventura 12m  Michelle Pavlovich  2911 Highpoint Street, Enumclaw, Washington, 98022
    CREATE 7820-2107059593 2026-10-07 Robert Norton 15m  David Sprague  251 4th Avenue Southwest, Pacific, Washington, 98047
    CREATE 7872-2149985702 2026-10-07 Robert Norton 15m  Sophia Chang  32640 49th Place Southwest, Federal Way, Washington, 98023
    CREATE 7902-2164173918 2026-10-07 Luke LaVergne 15m  Stratton Felker  1414 115th Street Court Northwest, Gig Harbor, Washington, 98332
    CREATE 8030-2223332504 2026-10-07 Tavis Alexander 15m  Briana Watson  2654 South 135th Street, SeaTac, Washington, 98168
    CREATE 8042-2226606805 2026-10-07 Alias Franks 15m  Dave Parker  17927 Northeast 196th Street, Woodinville, Washington, 98077
    CREATE 8056-2229566962 2026-10-07 Robert Norton 15m  Madera West Condos  31500 33rd Place Southwest, Federal Way, Washington, 98023
    CREATE 8092-2237678672 2026-10-07 Alias Franks 15m  David Peterson  13114 67th Avenue Southeast, Snohomish, Washington, 98296
    CREATE 8111-2240793187 2026-10-07 Luke LaVergne 15m  Debra Enneking  9806 Harborview Place, Gig Harbor, Washington, 98332
    CREATE 8112-2240793541 2026-10-07 Tavis Alexander 15m  Colleen Hunter  12048 Standring Court Southwest, Burien, Washington, 98146
    CREATE 8596-2336530136 2026-10-07 Robert Norton 15m  Barbara Kupietz  5811 Frances Avenue Northeast, Tacoma, Washington, 98422
    CREATE 8632-2344011765 2026-10-07 Tavis Alexander 15m  Karen Kawamoto  2618 Southwest 170th Street, Burien, Washington, 98166
    CREATE 8636-2344012592 2026-10-07 Tavis Alexander 15m  Taegan Kicinski  18326 Occidental Avenue South, Burien, Washington, 98148
    CREATE 8645-2347879635 2026-10-07 Tavis Alexander 15m  Faisal Mahmood  13201 8th Avenue South, Burien, Washington, 98168
    CREATE 8661-2353251941 2026-10-07 Luke LaVergne 30m  Scott Kelly  7991 Ebbert Drive Southeast, Port Orchard, Washington, 98367
    CREATE 8395-2293212666 2026-10-07 Robert Norton 15m  Beverly Worthen  37514 34th Avenue South, Auburn, Washington, 98001
    CREATE 8618-2338504285 2026-10-07 Cory Ventura 12m  Shawn Tobius  3336 Cole Street, Enumclaw, Washington, 98022
    CREATE 8218-2261194908 2026-10-07 Robert Norton 15m  Tim Wickland  12411 27th Street East, Edgewood, Washington, 98372
    CREATE 8563-2324415779 2026-10-07 Alias Franks 15m  Brian Sasville  18811 19th Drive Southeast, Bothell, Washington, 98012
    CREATE 8568-2325548239 2026-10-07 Robert Norton 15m  Dorthya Dunford  36203 22nd Place South, Federal Way, Washington, 98003
    CREATE 8285-2273489074 2026-10-07 Alias Franks 15m  David Alexander  19260 162nd Avenue Northeast, Woodinville, Washington, 98072
    CREATE 8616-2338497645 2026-10-07 Robert Norton 15m  Jennifer Nguyen  5682 South 328th Place, Auburn, Washington, 98001
    CREATE 8606-2336571551 2026-10-07 Luke LaVergne 15m  Scott Campbell  7012 42nd Street Northwest, Gig Harbor, Washington, 98335
    CREATE 8608-2336576838 2026-10-07 Luke LaVergne 15m  Carol Miller  1013 Northeast Coco Court, Bremerton, Washington, 98311
    CREATE 8612-2336595352 2026-10-07 Luke LaVergne 15m  Mike Ruff  1170 Southwest Wildwood Road, Port Orchard, Washington, 98367
    CREATE 8532-2319527611 2026-10-07 Cory Ventura 12m  Elaine Rustvold  2976 McHugh Avenue, Enumclaw, Washington, 98022
    CREATE 8472-2305381970 2026-10-07 Alias Franks 15m  David Johal  21825 Northeast 164th Street, Woodinville, Washington, 98077
    CREATE 8517-2315488667 2026-10-07 Luke LaVergne 15m  Carolyn Carl  5222 Mahncke Road Southwest, Longbranch, Washington, 98351
    CREATE 8194-2259504497 2026-10-07 Alias Franks 15m  Steve Murdock  13755 220th Place Northeast, Woodinville, Washington, 98077
    CREATE 8575-2326317158 2026-10-07 Luke LaVergne 15m  Robert Sibley  6006 63rd Street Court Northwest, Gig Harbor, Washington, 98335
    CREATE 8626-2339788279 2026-10-07 Robert Norton 15m  Isabella Kestner  10510 33rd Street East, Edgewood, Washington, 98372
    CREATE 8538-2319780449 2026-10-07 Cory Ventura 12m  Gina Shields  28426 Southeast 440th Street, Enumclaw, Washington, 98022
    CREATE 8653-2349201362 2026-10-07 Cory Ventura 12m  Jon Buss  23817 SE 468th st, Enumclaw, Wa, 98022
    CREATE 8541-2320919773 2026-10-07 Alias Franks 15m  Aditya Singh  17904 83rd Avenue Southeast, Snohomish, Washington, 98296
    CREATE 8576-2326325468 2026-10-07 Robert Norton 15m  Kevin Voelker  514 Southwest 326th Street, Federal Way, Washington, 98023
    CREATE 8585-2332548542 2026-10-07 Cory Ventura 12m  Jan Sterling  1325 213th Avenue East, Bonney Lake, Washington, 98391
    CREATE 8656-2349289053 2026-10-07 Robert Norton 15m  Dean Shull  33402 4th Court Southwest, Federal Way, Washington, 98023
    CREATE 8624-2339776531 2026-10-07 Alias Franks 15m  Tyler Guion  8307 157th Avenue Southeast, Snohomish, Washington, 98290
    CREATE 8361-2286366064 2026-10-07 Tavis Alexander 15m  Erik Guttridge  1611 Southwest 131st Street, Burien, Washington, 98146
    CREATE 8642-2346550026 2026-10-07 Tavis Alexander 15m  Kyle  MacVicar  151 Monterey Drive Northeast, Renton, Washington, 98056
    CREATE 8637-2344012956 2026-10-07 Robert Norton 15m  Diane Lucas  510 Hi Crest Drive, Auburn, Washington, 98001
    CREATE 8154-2248818914 2026-10-08 Alias Franks 15m  Kim Suver  18845 Northeast 49th Place, Sammamish, Washington, 98074
    CREATE 8160-2250473089 2026-10-08 Robert Norton 15m  Sharry Kim  15003 Southeast 138th Place, Renton, Washington, 98059
    CREATE 8214-2261162882 2026-10-08 Robert Norton 15m  Joseph  Syejoon Lee  16012 Southeast 140th Street, Renton, Washington, 98059
    CREATE 8286-2273489701 2026-10-08 Alias Franks 15m  Colleen Hart  6819 Ames Lake-Carnation Road Northeast, Carnation, Washington, 98014
    CREATE 8317-2277582751 2026-10-08 Tavis Alexander 15m  Mark Brainard  9931 171st Avenue Southeast, Renton, Washington, 98059
    CREATE 8350-2284967403 2026-10-08 Robert Norton 15m  Ross Luo  14105 East Lake Kathleen Drive Southeast, Renton, Washington, 98059
    CREATE 8351-2284968939 2026-10-08 Tavis Alexander 15m  Tanya O'Bannon  Lakemont Boulevard Southeast, Bellevue, Washington, 98006
    CREATE 8366-2287571388 2026-10-08 Robert Norton 15m  Denise Froatz  20613 Southeast 136th Street, Issaquah, Washington, 98027
    CREATE 8232-2289334131 2026-10-08 Luke LaVergne 15m  Stephen  Douglas  2239 Ava Street Southeast, Lacey, Washington, 98513
    CREATE 8603-2336559639 2026-10-08 Tavis Alexander 15m  Mary Hendrickson  1317 Pierce Place Northeast, Renton, Washington, 98056
    CREATE 5148-2347198422 2026-10-08 Cory Ventura 12m  Brant Bengston  25017 112th Street East, Buckley, Washington, 98321
    CREATE 8390-2347214023 2026-10-08 Cory Ventura 12m  Jane Molenda  11907 241st Avenue Court East, Buckley, Washington, 98321
    CREATE 8599-2349876584 2026-10-08 Tavis Alexander 15m  Anne-Marie Jones  17107 Southeast 100th Street, Renton, Washington, 98059
    CREATE 8058-2349898283 2026-10-08 Cory Ventura 12m  Samantha Sieverling  21917 147th Street East, BonneyLake, Washington, 98391
    CREATE 6475-2349899865 2026-10-08 Robert Norton 15m  Amber Owen  15417 Cedar Grove Road Southeast, Issaquah, Washington, 98027
    CREATE 5371-2349909222 2026-10-08 Tavis Alexander 15m  Jeff Ostlund  17535 Southeast 106th Street, Renton, Washington, 98059
    CREATE 8084-2349930170 2026-10-08 Cory Ventura 12m  Larry Brewer  12626 194th Avenue Court East, Sumner, Washington, 98391
    CREATE 8219-2349933937 2026-10-08 Tavis Alexander 15m  Trent Bryan  11000 164th Avenue Southeast, Renton, Washington, 98059
    CREATE 5152-2349940539 2026-10-08 Robert Norton 15m  Jenny Roy  24525 Southeast 156th Street, Issaquah, Washington, 98027
    CREATE 7664-2349956142 2026-10-08 Cory Ventura 12m  April Bower  13603 193rd Avenue East, Bonney Lake, Washington, 98391
    CREATE 8609-2349959219 2026-10-08 Robert Norton 15m  Michael Sexton  25326 Southeast Mirrormont Boulevard, Issaquah, Washington, 98027
    CREATE 7812-2349988266 2026-10-08 Tavis Alexander 15m  Kelly  Scott  15705 Southeast 116th Street, Renton, Washington, 98059
    CREATE 6663-2349999018 2026-10-08 Robert Norton 15m  Don Petricic  14225 228th Avenue Southeast, Issaquah, Washington, 98027
    CREATE 7793-2350024955 2026-10-08 Cory Ventura 12m  Tim Saiz  11413 197th Avenue East, Bonney Lake, Washington, 98391
    CREATE 8513-2350048154 2026-10-08 Robert Norton 15m  Paige Lamb  13805 West Lake Kathleen Drive Southeast, Renton, Washington, 98059
    CREATE 8504-2350053200 2026-10-08 Cory Ventura 12m  Todd Allen  18615 145th Street East, Bonney Lake, Washington, 98391
    CREATE 8418-2350096045 2026-10-08 Tavis Alexander 15m  Dana Dauenhauer  2236 Kennewick Place Northeast, Renton, Washington, 98056
    CREATE 6454-2350109422 2026-10-08 Cory Ventura 12m  Leslie Turner  21702 91st Street East, Bonney Lake, Washington, 98391
    CREATE 5071-2350110673 2026-10-08 Robert Norton 15m  Jim Nelsen  14019 180th Avenue Southeast, Renton, Washington, 98059
    CREATE 4673-2350113626 2026-10-08 Alias Franks 15m  Nick Miller  4402 228th Avenue Northeast, Redmond, Washington, 98053
    CREATE 7406-2350135159 2026-10-08 Robert Norton 15m  Evan Henke  16616 Southeast 134th Street, Renton, Washington, 98059
    CREATE 7022-2350135400 2026-10-08 Alias Franks 15m  Seddik Belyamani  5605 228th Avenue Northeast, Redmond, Washington, 98053
    CREATE 7880-2350138049 2026-10-08 Cory Ventura 12m  Scot Lynch  8601 Main Street East, Bonney Lake, Washington, 98391
    CREATE 8203-2350146968 2026-10-08 Luke LaVergne 15m  Richard Henegan  2245 107th Lane Southeast, Olympia, Washington, 98501
    CREATE 4929-2350153957 2026-10-08 Robert Norton 15m  Susanna Suiter  17002 Southeast 128th Street, Renton, Washington, 98059
    CREATE 5034-2350186670 2026-10-08 Robert Norton 15m  Chris Taylor  13803 162nd Avenue SE, Renton, Washington, 98059
    CREATE 7739-2350191009 2026-10-08 Cory Ventura 12m  Joey Deluca  18723 McGhee Drive East, Bonney Lake, Washington, 98391
    CREATE 8325-2350192948 2026-10-08 Cory Ventura 12m  Maryanne Zukowski  18716 McGhee Drive East, Bonney Lake, Washington, 98391
    CREATE 7720-2350195349 2026-10-08 Cory Ventura 12m  John Keen  18205 Bonney Lake Boulevard East, Bonney Lake, Washington, 98391
    CREATE 8147-2350196270 2026-10-08 Tavis Alexander 11m  Laura Zarro  1225 North 41st Place, Renton, Washington, 98056
    CREATE 7672-2350203515 2026-10-08 Robert Norton 15m  Sean Finlayson  5609 Southeast 2nd Court, Renton, Washington, 98059
    CREATE 8320-2350210083 2026-10-08 Tavis Alexander 11m  Jay Hickenbottom  1111 North 41st Place, Renton, Washington, 98056
    CREATE 7964-2350229882 2026-10-08 Tavis Alexander 11m  Barbee Mill HOA  4205 Williams Avenue North, Renton, Washington, 98056
    CREATE 4994-2350235611 2026-10-08 Cory Ventura 12m  Liki Estes  16202 39th Street Court East, Lake Tapps, Washington, 98391
    CREATE 7977-2350247191 2026-10-08 Luke LaVergne 15m  Western Plaza  1841 Trosper Rd SW, Tumwater, Washington, 98512
    CREATE 8231-2350252883 2026-10-08 Cory Ventura 12m  Jenna  Larson  2802 162nd Avenue Court East, Lake Tapps, Washington, 98391
    CREATE 7869-2350325554 2026-10-08 Alias Franks 15m  Shelley Ryan  10611 Redmond Ridge Drive Northeast, Redmond, Washington, 98053
    CREATE 7823-2350393606 2026-10-08 Tavis Alexander 15m  Erik Yang  5603 135th Place Southeast, Bellevue, Washington, 98006
    CREATE 7937-2350413098 2026-10-08 Luke LaVergne 15m  Dave Kenney  2215 Yelm Highway Southeast, Olympia, Washington, 98501
    CREATE 8074-2350442283 2026-10-08 Alias Franks 15m  Lina Bancroft  25419 Northeast Union Hill Road, Redmond, Washington, 98053
    CREATE 8442-2350452327 2026-10-08 Robert Norton 15m  Michele Rustvold  11844 Southeast 189th Place, Renton, Washington, 98058
    CREATE 8338-2350481040 2026-10-08 Tavis Alexander 15m  Leena Shah  15433 Southeast 59th Street, Bellevue, Washington, 98006
    CREATE 7961-2350493022 2026-10-08 Robert Norton 15m  Kelly Kunz  19454 136th Place Southeast, Renton, Washington, 98058
    CREATE 7531-2350515128 2026-10-08 Tavis Alexander 15m  Rishab Narula  15617 South East 83 Court, Newcastle, Washington, 98059
    CREATE 7618-2350525386 2026-10-08 Luke LaVergne 15m  Kathleen Nurmi  9012 Littlerock Road Southwest, Olympia, Washington, 98512
    CREATE 8402-2350580092 2026-10-08 Cory Ventura 12m  Tom & Sarah Long  24211 Sumner Buckley Hwy, Buckley, Wa, 98321
    CREATE 4979-2350587096 2026-10-08 Cory Ventura 12m  Marcus Andy  23312 54th Street East, Buckley, Washington, 98321
    CREATE 4979-2350603904 2026-10-08 Cory Ventura 12m  Marcus Andy  23312 54th Street East, Buckley, Washington, 98321
    CREATE 7766-2350604832 2026-10-08 Robert Norton 15m  Olivia Sandoval  16601 Southeast 165th Way, Renton, Washington, 98058
    CREATE 6990-2350618336 2026-10-08 Alias Franks 15m  Kelly Tivnan  10782 East Lake Joy Drive Northeast, Carnation, Washington, 98014
    CREATE 5150-2350644936 2026-10-08 Alias Franks 15m  Scott Taylor  12802 318th Avenue Northeast, Duvall, Washington, 98019
    CREATE 6144-2350653735 2026-10-08 Robert Norton 15m  Thanhquyen Nguyen  20315 Southeast 192nd Street, Renton, Washington, 98058
    CREATE 4550-2350668732 2026-10-08 Robert Norton 15m  Lee Hansen  17632 190th Avenue Southeast, Renton, Washington, 98058
    CREATE 8412-2350679975 2026-10-08 Luke LaVergne 15m  Bill Henshaw  6843 75th Avenue Southeast, Olympia, Washington, 98513
    CREATE 8387-2350684660 2026-10-08 Alias Franks 15m  Joydeep Kant  27311 Northeast Walden Way, Duvall, Washington, 98019
    CREATE 7832-2350697969 2026-10-08 Luke LaVergne 15m  Ann Sargent  7640 Redstart Drive Southeast, Olympia, Washington, 98513
    CREATE 7802-2350754140 2026-10-08 Alias Franks 15m  Kallin Baumann  17111 Duvall Monroe Road Northeast, Duvall, Washington, 98019
    CREATE 7728-2350784864 2026-10-08 Luke LaVergne 15m  Sam Williams  22436 Clearview Court Southeast, Yelm, Washington, 98597
    CREATE 8249-2351489332 2026-10-08 Alias Franks 15m  John Shepard  2110 236th Avenue Northeast, Sammamish, Washington, 98074
    CREATE 6246-1603712606 2026-10-08 Luke LaVergne 15m  Lisa Miles  14234 123rd Avenue Southeast, Yelm, Washington, 98597
    CREATE 4882-1608591789 2026-10-08 Cory Ventura 12m  Jim Benham  23308 70th Street East, Buckley, Washington, 98321
    CREATE 6300-1615047506 2026-10-08 Cory Ventura 12m  Dave Koshork  8122 224th Avenue East, Buckley, Washington, 98321
    CREATE 5915-1637603709 2026-10-08 Cory Ventura 12m  Dee Lewis  22815 Connells Prairie Road, Buckley, Washington, 98321
    CREATE 5011-1643446777 2026-10-08 Alias Franks 15m  Ryan Middleton  15404 287th Ave NE, Duvall, Wa, 98019
    CREATE 6373-1644290812 2026-10-08 Alias Franks 15m  Tim Matula  3639 211th Place Northeast, Sammamish, Washington, 98074
    CREATE 5007-1650881877 2026-10-08 Alias Franks 15m  Karen Porter  9532 Carnation-Duvall Road Northeast, Carnation, Washington, 98014
    CREATE 5040-1651220349 2026-10-08 Robert Norton 15m  Priscilla Dendy  23425 Southeast 160th Place, Issaquah, Washington, 98027
    CREATE 5015-1671989022 2026-10-08 Luke LaVergne 15m  Brian Muirhead  6527 Alternate Lane Southeast, Olympia, Washington, 98513
    CREATE 5022-1692025195 2026-10-08 Robert Norton 15m  Liz Jones  24328 Southeast 162nd Street, Issaquah, Washington, 98027
    CREATE 5667-1740463936 2026-10-08 Tavis Alexander 15m  Ron Short  2116 Northeast 16th Street, Renton, Washington, 98056
    CREATE 4935-1779399730 2026-10-08 Luke LaVergne 15m  Maja Haloway  30110 39th Avenue South, Roy, Washington, 98580
    CREATE 6809-1815039727 2026-10-08 Alias Franks 15m  Roselee Buonauro  3907 259th Way Northeast, Redmond, Washington, 98053
    CREATE 6985-1845630358 2026-10-08 Cory Ventura 12m  Melisa Shryock  23404 93rd Street East, Buckley, Washington, 98321
    CREATE 7262-1901456054 2026-10-08 Alias Franks 15m  Teri McCabe  2213 Sahalee Drive West, Sammamish, Washington, 98074
    CREATE 4674-1912571519 2026-10-08 Luke LaVergne 15m  Noe Cerda  29005 Washington 507 S, Roy, Washington, 98580
    CREATE 7337-1914131436 2026-10-08 Luke LaVergne 15m  Deschutes Storage  607 Durell Road Southeast, Tumwater, Washington, 98501
    CREATE 7382-1921067292 2026-10-08 Robert Norton 15m  Jason Nault  14324 250th Place Southeast, Issaquah, Washington, 98027
    CREATE 7461-1943007208 2026-10-08 Luke LaVergne 15m  Rachel Decker  6441 Nels Street Southwest, Olympia, Washington, 98512
    CREATE 6028-1957247221 2026-10-08 Cory Ventura 12m  BIll Sweatman  7013 181st Avenue East  Units A&B, Bonney Lake, Washington, 98391
    CREATE 7430-1966487317 2026-10-08 Cory Ventura 12m  Darren Bartels  12126 243rd Avenue East, Buckley, Washington, 98321
    CREATE 7527-1972220412 2026-10-08 Luke LaVergne 15m  Katherine Cavanaugh  1001 South Street Southeast, Tumwater, Washington, 98501
    CREATE 7529-1972229516 2026-10-08 Luke LaVergne 15m  Leslie Griswold  1808 Brown Street Southeast, Olympia, Washington, 98501
    CREATE 4842-1986405964 2026-10-08 Robert Norton 15m  Debbie Griffith  13415 181st Avenue Southeast, Renton, Washington, 98059
    CREATE 4954-2018210225 2026-10-08 Robert Norton 15m  Jeff Jensen  13106 246th Avenue Southeast, Issaquah, Washington, 98027
    CREATE 7671-2037573342 2026-10-08 Cory Ventura 12m  Marcus  Hoff  22518 Connells Prairie Road, Buckley, Washington, 98321
    CREATE 7694-2046040971 2026-10-08 Cory Ventura 12m  Chelsea Scott  18724 3rd Street East, Lake Tapps, Washington, 98391
    CREATE 7706-2050437699 2026-10-08 Cory Ventura 12m  Tehaleh Owners Association  Cascadia Boulevard East, Tehaleh, Washington, 98391
    CREATE 7816-2106520669 2026-10-08 Cory Ventura 12m  Derek Smith  11711 242nd Avenue East, Buckley, Washington, 98321
    CREATE 7829-2109777981 2026-10-08 Luke LaVergne 15m  Joey Russo  12034 Maxvale Hill Court Southeast, Yelm, Washington, 98597
    CREATE 7837-2115889339 2026-10-08 Robert Norton 15m  Karen Baker  17634 111th Avenue Southeast, Renton, Washington, 98055
    CREATE 7897-2162906629 2026-10-08 Luke LaVergne 15m  Anne Gallagher  2024 17th Avenue Southeast, Olympia, Washington, 98501
    CREATE 7904-2166561938 2026-10-08 Tavis Alexander 15m  Ben Gardner  12314 Southeast 96th Place, Renton, Washington, 98056
    CREATE 7943-2192813928 2026-10-08 Robert Norton 15m  Stephen Van Ingen  15625 129th Court Southeast, Renton, Washington, 98058
    CREATE 7980-2207214363 2026-10-08 Tavis Alexander 11m  Marianne Parasida  4057 Williams Avenue North, Renton, Washington, 98056
    CREATE 7987-2212575341 2026-10-08 Robert Norton 15m  David  Lloyd  1615 Pierce Avenue Southeast, Renton, Washington, 98058
    CREATE 8016-2219811743 2026-10-08 Tavis Alexander 11m  Nasima Vira  4029 Williams Avenue North, Renton, Washington, 98056
    CREATE 8019-2220616487 2026-10-08 Tavis Alexander 11m  John Wohlfarth  1003 North 41st Place, Renton, Washington, 98056
    CREATE 8026-2221306619 2026-10-08 Tavis Alexander 15m  Frank Ciaramello  6245 121st Avenue Southeast, Bellevue, Washington, 98006
    CREATE 8146-2247871546 2026-10-08 Tavis Alexander 11m  Paul Davis  4211 Williams Avenue North, Renton, Washington, 98056
    CREATE 8577-2326337251 2026-10-08 Alias Franks 15m  Mike Leese  21231 Rimrock Road, Monroe, Washington, 98272
    CREATE 8647-2347887092 2026-10-08 Luke LaVergne 15m  Michelle  Savigny  15025 148th Avenue Southeast, Yelm, Washington, 98597
    CREATE 8664-2353256866 2026-10-08 Tavis Alexander 30m  Eugene Wong  1703 Field Place Northeast, Renton, Washington, 98059
    CREATE 8459-2303102682 2026-10-08 Robert Norton 15m  Melody Deisher  14104 Southeast 188 Way, Renton, Washington, 98058
    CREATE 8643-2346551006 2026-10-08 Luke LaVergne 15m  Fran Huntington  3030 Capitol Boulevard South, Olympia, Washington, 98501
    CREATE 8625-2339786164 2026-10-08 Tavis Alexander 15m  Brian Pare  10354 172nd Avenue Southeast, Renton, Washington, 98059
    CREATE 8549-2321473218 2026-10-08 Tavis Alexander 15m  Donna Youngblood  4259 122nd Avenue Southeast, Bellevue, Washington, 98006
    CREATE 8591-2333550306 2026-10-08 Luke LaVergne 15m  Briggs Village HOA  1508 Brighton Way Southeast, Olympia, Washington, 98501
    CREATE 8530-2319391454 2026-10-08 Robert Norton 15m  Phyllis Miller  18614 179th Place Southeast, Renton, Washington, 98058
    CREATE 8581-2332428930 2026-10-08 Luke LaVergne 15m  Rachel Hanes  3500 Buckingham Court Southeast, Olympia, Washington, 98501
    CREATE 8540-2320735314 2026-10-08 Tavis Alexander 15m  Kathryn Ngo  5627 Northeast 24th Street, Renton, Washington, 98059
    CREATE 8620-2338513134 2026-10-08 Luke LaVergne 15m  Julie Penrod  5940 Offut Lake Road Southeast, Tenino, Washington, 98589
    CREATE 8621-2338517379 2026-10-08 Luke LaVergne 15m  Vicki Harrod  3332 Van Epps Street Southeast, Olympia, Washington, 98501
    CREATE 8622-2338523083 2026-10-08 Luke LaVergne 15m  JT  Wilcox  40207 32nd Avenue South, Roy, Washington, 98580
    CREATE 8628-2341463780 2026-10-08 Robert Norton 15m  Connie Schlimgen  24109 Southeast 170th Street, Maple Valley, Washington, 98038
    CREATE 8644-2346553004 2026-10-08 Cory Ventura 12m  Rick Eichert  2021 Sumner Tapps Hwy e, Lake Tapps, Wa, 98391
    CREATE 8237-2265638594 2026-10-09 Luke LaVergne 15m  Effie Weaver  3109 North 33rd Street, Tacoma, Washington, 98407
    CREATE 8277-2273071167 2026-10-09 Luke LaVergne 15m  Jon Gomes  4107 North 34th Street, Tacoma, Washington, 98407
    CREATE 8290-2273501734 2026-10-09 Luke LaVergne 15m  Joseph Shannon  11201 Lake Steilacoom Drive Southwest, Tacoma, Washington, 98498
    CREATE 8339-2284300839 2026-10-09 Alias Franks 15m  Donald Kaplan  205 East Lake Sammamish Shore Lane Northeast, Sammamish, Washington, 98074
    CREATE 8519-2315673756 2026-10-09 Robert Norton 15m  Brad Hickel  21707 293rd Avenue Southeast, Maple Valley, Washington, 98038
    CREATE 8529-2319334237 2026-10-09 Luke LaVergne 15m  Hui Evans  215 183 Street Court East, Spanaway, Washington, 98387
    CREATE 7705-2347076480 2026-10-09 Cory Ventura 12m  Tyler Smythe  29022 Washington 410, suite b, Buckley, Washington, 98321
    CREATE 7657-2347088814 2026-10-09 Cory Ventura 12m  Mary Linda Epps  13113 Fettig Road E, Buckley, Washington, 98321
    CREATE 6324-2347094650 2026-10-09 Cory Ventura 12m  Matt Cordova  27919 112th Street East, Buckley, Washington, 98321
    CREATE 7670-2347328782 2026-10-09 Cory Ventura 12m  Jessica Rakos  23405 Fisk RD E, Orting, Washington, 98360
    CREATE 4926-2347394642 2026-10-09 Cory Ventura 12m  HyperGreen Landscaping  Buttes Drive East, Pierce County, Washington, 98360
    CREATE 7858-2347465352 2026-10-09 Cory Ventura 12m  Laura Tallmadge  21820 167th Street Court East, Orting, Washington, 98360
    CREATE 7673-2347544150 2026-10-09 Cory Ventura 12m  Nicholas Mayer  15110 261st Avenue East, Buckley, Washington, 98321
    CREATE 8654-2349260124 2026-10-09 Luke LaVergne 15m  Cruz Rodriguez  4512 70th Avenue East, Fife, Washington, 98424
    CREATE 7450-2351449355 2026-10-09 Robert Norton 15m  Amy Thomas  26255 Southeast 276th Street, Ravensdale, Washington, 98051
    CREATE 5201-2351508816 2026-10-09 Tavis Alexander 15m  Michelle  Mueller  45609 Southeast Edgewick Road, North Bend, Washington, 98045
    CREATE 7675-2351517224 2026-10-09 Luke LaVergne 15m  Charlie  Brown  63 West Road, Tacoma, Washington, 98406
    CREATE 4614-2351544449 2026-10-09 Alias Franks 15m  Jennifer Beardall  821 217th Place Northeast, Sammamish, Washington, 98074
    CREATE 8315-2351549347 2026-10-09 Tavis Alexander 15m  Scott Vojik  47150 Southeast 162nd Street, North Bend, Washington, 98045
    CREATE 7497-2351588235 2026-10-09 Luke LaVergne 15m  Bess  Poehlmann  4105 North 39th Street, Tacoma, Washington, 98407
    CREATE 8547-2351619716 2026-10-09 Alias Franks 15m  Shannon Supple  21310 Southeast 11th Street, Sammamish, Washington, 98075
    CREATE 8444-2351629961 2026-10-09 Luke LaVergne 15m  Annette Bunker  1276 Huson Drive, Tacoma, Washington, 98405
    CREATE 6739-2351637870 2026-10-09 Tavis Alexander 15m  Matt  Wurdeman  43923 Southeast 127th Place, North Bend, Washington, 98045
    CREATE 7295-2351667430 2026-10-09 Tavis Alexander 15m  Jeff Taylor  12825 452nd Avenue Southeast, North Bend, Washington, 98045
    CREATE 7644-2351736799 2026-10-09 Robert Norton 15m  Elizabeth Kalouner  26813 Southeast 236th Street, Maple Valley, Washington, 98038
    CREATE 4754-2351744842 2026-10-09 Tavis Alexander 15m  Barry Heimbigner  12570 465th Avenue Southeast, North Bend, Washington, 98045
    CREATE 7011-2351780273 2026-10-09 Alias Franks 15m  Sara Houpis  3509 219th Place Southeast, Sammamish, Washington, 98075
    CREATE 6409-2351788057 2026-10-09 Robert Norton 15m  Kevin Hoffman  28605 Southeast 216th Lane, Maple Valley, Washington, 98038
    CREATE 8156-2351844481 2026-10-09 Alias Franks 15m  Deborah Berger  2809 226th Avenue Southeast, Sammamish, Washington, 98075
    CREATE 5412-2351875870 2026-10-09 Luke LaVergne 15m  Mike Ahquin  6600 Flanegan Road West, Tacoma, Washington, 98499
    CREATE 5829-2351908237 2026-10-09 Robert Norton 15m  Tom Hornberg  28611 SE 204th St, Maple Valley, Wa, 98038
    CREATE 8531-2351946427 2026-10-09 Robert Norton 15m  Lewis Henry  26002 Southeast 208th Street, Maple Valley, Washington, 98038
    CREATE 8430-2351950938 2026-10-09 Luke LaVergne 15m  Lourdes Orive  9409 110th Street Southwest, Tacoma, Washington, 98498
    CREATE 5441-2351958074 2026-10-09 Alias Franks 15m  Tom Craig  2020 239th Place Southeast, Sammamish, Washington, 98075
    CREATE 4545-2351988768 2026-10-09 Robert Norton 15m  Randy Stegmeier  23828 Southeast 216th Street, Maple Valley, Washington, 98038
    CREATE 8046-2351997001 2026-10-09 Alias Franks 15m  Daniel Bay  1829 244th Avenue Southeast, Issaquah, Washington, 98075
    CREATE 7270-2352084099 2026-10-09 Tavis Alexander 15m  Nadia Reynolds  34400 Southeast Burke Street, Snoqualmie, Washington, 98065
    CREATE 8520-2352103786 2026-10-09 Alias Franks 15m  Richard Depencier  3708 260th Avenue Southeast, Issaquah, Washington, 98029
    CREATE 7306-2352110947 2026-10-09 Robert Norton 15m  Greg Anderson  21787 240th Place Southeast, Maple Valley, Washington, 98038
    CREATE 6287-2352150447 2026-10-09 Robert Norton 15m  Charles Hahn  25503 SE 192nd Street, Maple Valley, Washington, 98038
    CREATE 8288-2352226852 2026-10-09 Alias Franks 15m  Stan Adams  3211 263rd Court Southeast, Sammamish, Washington, 98075
    CREATE 6677-2352229452 2026-10-09 Luke LaVergne 15m  Wes Rhoten  7723 34th Avenue East, Tacoma, Washington, 98443
    CREATE 5982-2352260751 2026-10-09 Robert Norton 15m  David Rosser  25335 237th Place Southeast, Maple Valley, Washington, 98038
    CREATE 7941-2352280520 2026-10-09 Luke LaVergne 15m  Tim Lubic  6619 Stewart Avenue East, Puyallup, Washington, 98371
    CREATE 8497-2352286616 2026-10-09 Alias Franks 15m  Jean Vanwagoner  5408 235th Avenue Southeast, Issaquah, Washington, 98029
    CREATE 8258-2352298933 2026-10-09 Alias Franks 15m  Ken Larson  120 292nd Avenue Northeast, Fall City, Washington, 98024
    CREATE 6338-2352312400 2026-10-09 Luke LaVergne 15m  Barbara Wood  1615 Brookdale Road East, Tacoma, Washington, 98445
    CREATE 7817-2352313122 2026-10-09 Alias Franks 15m  Josh Hedrick  3808 202nd Place Southeast, Sammamish, Washington, 98075
    CREATE 8604-2352372030 2026-10-09 Alias Franks 15m  Karen  Horvath  2713 East Lake Sammamish Parkway Southeast, Sammamish, Washington, 98075
    CREATE 5053-1583660403 2026-10-09 Robert Norton 15m  Dennis Scroggins  25406 Landsburg Road Southeast, Ravensdale, Washington, 98051
    CREATE 5004-1644161611 2026-10-09 Tavis Alexander 15m  Wanda Neste  7421 442nd Place Southeast, Snoqualmie, Washington, 98065
    CREATE 6402-1651426618 2026-10-09 Tavis Alexander 15m  Melissa Street  42526 Southeast 108th Street, North Bend, Washington, 98045
    CREATE 5052-1670802017 2026-10-09 Robert Norton 15m  Tom Weaver  28211 307th ave se, Ravensdale, Wa, 98051
    CREATE 5415-1699827860 2026-10-09 Alias Franks 15m  Rick Conces  5837 221st Place Southeast, Issaquah, Washington, 98027
    CREATE 5325-1724919184 2026-10-09 Tavis Alexander 15m  Julie Carper  351 Merritt Place Northeast, North Bend, Washington, 98045
    CREATE 5427-1733048545 2026-10-09 Robert Norton 15m  Dave Wilson  23502 Southeast 253rd Place, Maple Valley, Washington, 98038
    CREATE 5178-1770741184 2026-10-09 Luke LaVergne 15m  Washington Premier Soccer Club  5702 44th STREET E, Puyallup, Washington, 98371
    CREATE 6653-1784920794 2026-10-09 Robert Norton 15m  SLPPLLC  15108 Southeast 288th Street, Kent, Washington, 98042
    CREATE 5696-1794017235 2026-10-09 Luke LaVergne 15m  Amber John  4808 93rd Ave W, University Place, Washington, 98466
    CREATE 7026-1856363982 2026-10-09 Luke LaVergne 15m  Tom Falk  7909 Interlaaken Drive Southwest, Lakewood, Washington, 98498
    CREATE 4504-1876688785 2026-10-09 Tavis Alexander 15m  Evan Epstein  12803 452nd Avenue Southeast, North Bend, Washington, 98045
    CREATE 4880-1912508646 2026-10-09 Robert Norton 15m  Matt Swank  25123 Southeast 224th Street, Maple Valley, Washington, 98038
    CREATE 4707-1912560950 2026-10-09 Robert Norton 15m  Sandy Foster  22207 Southeast 304th Street, Black Diamond, Washington, 98010
    CREATE 7388-1922166565 2026-10-09 Tavis Alexander 15m  MT Landscape  3613 324th Avenue Southeast, Fall City, Washington, 98024
    CREATE 7462-1944751846 2026-10-09 Cory Ventura 12m  HyperGreen Landscaping  26309 170th Street East, Buckley, Washington, 98321
    CREATE 6088-1946569456 2026-10-09 Tavis Alexander 15m  Gary Patterson  7418 408th Avenue Southeast, Snoqualmie, Washington, 98065
    CREATE 4760-1946570658 2026-10-09 Tavis Alexander 15m  Mike Rohan  411 Northeast 12th Street, North Bend, Washington, 98045
    CREATE 7472-1948798908 2026-10-09 Tavis Alexander 15m  Tino Perrina  10603 Upper Preston Road Southeast, Issaquah, Washington, 98027
    CREATE 7477-1950307531 2026-10-09 Alias Franks 15m  Melissa  Osvaldik  1730 298th Crescent Southeast, Fall City, Washington, 98024
    CREATE 7449-1975336012 2026-10-09 Robert Norton 15m  Sally  Gasser  30655 Kanaskat Kangley Road Southeast, Ravensdale, Washington, 98051
    CREATE 7570-2001256104 2026-10-09 Cory Ventura 12m  Della Crossley  13618 266th Ave Ct E, Buckley, WA, 98321
    CREATE 7637-2021592858 2026-10-09 Cory Ventura 12m  Tommy Marshall  14704 228th Avenue Court East, Orting, Washington, 98360
    CREATE 7676-2038726075 2026-10-09 Alias Franks 15m  Jeannine Rouleau  21250 Northeast 4th Street, Sammamish, Washington, 98074
    CREATE 7677-2038950865 2026-10-09 Cory Ventura 12m  Josh Duschel  16311 A P Tubbs Road, Buckley, Washington, 98321
    CREATE 7735-2062839277 2026-10-09 Robert Norton 15m  Mike Coile  27230 304th AVE se, Ravensdale, Wa, 98051
    CREATE 7767-2075253894 2026-10-09 Robert Norton 15m  Jamie Randall  20507 244th Avenue Southeast, Maple Valley, Washington, 98038
    CREATE 7841-2118313210 2026-10-09 Tavis Alexander 15m  Stephanie Larson  43427 Southeast 92nd Street, North Bend, Washington, 98045
    CREATE 7896-2162893024 2026-10-09 Robert Norton 15m  Collin Sidebotham  26635 Southeast 196th Street, Maple Valley, Washington, 98038
    CREATE 8014-2219801349 2026-10-09 Alias Franks 15m  Paul Latham  20735 Southeast 3rd Way, Sammamish, Washington, 98074
    CREATE 8044-2226610500 2026-10-09 Tavis Alexander 15m  Angela Bowers  35513 Southeast 49th Street, Fall City, Washington, 98024
    CREATE 8082-2234970249 2026-10-09 Luke LaVergne 15m  Pauline Kabue  14510 6th Avenue East, Tacoma, Washington, 98445
    CREATE 8083-2234973686 2026-10-09 Luke LaVergne 15m  Mark Baughman  14506 6th Avenue East, Tacoma, Washington, 98445
    CREATE 8085-2234982866 2026-10-09 Luke LaVergne 15m  Timothy Vanstrien  10302 Waller Road East, Tacoma, Washington, 98446
    CREATE 8090-2236826566 2026-10-09 Luke LaVergne 15m  Jessica & Jeff Clementz  301 East 91st Street, Tacoma, Washington, 98445
    CREATE 8124-2242810807 2026-10-09 Luke LaVergne 15m  Debbie Jennings  4423 Memory Lane West, University Place, Washington, 98466
    CREATE 8137-2246402531 2026-10-09 Cory Ventura 12m  Brenda Vonderahe  15717 Washington 165, Buckley, Washington, 98321
    CREATE 8594-2333955324 2026-10-09 Alias Franks 15m  Juliet Dixon  2671 230th Avenue Southeast, Sammamish, Washington, 98075
    CREATE 8597-2336532012 2026-10-09 Robert Norton 15m  Jeff Westcott  28603 Southeast 204th Street, Maple Valley, Washington, 98038
    CREATE 8655-2349269568 2026-10-09 Luke LaVergne 15m  Merlene Davis  8405 62nd Street West, University Place, Washington, 98467
    CREATE 8660-2350730991 2026-10-09 Robert Norton 15m  Albert Mooney  24006 Southeast 243rd Street, Maple Valley, Washington, 98038
    CREATE 8665-2353257890 2026-10-09 Luke LaVergne 30m  Steilacoom Gardens Condominiums  2814 Garden Court, Steilacoom, Washington, 98388
    CREATE 8617-2338499452 2026-10-09 Robert Norton 15m  Phyllis Eakins  23213 Southeast 224th Court, Maple Valley, Washington, 98038
    CREATE 8630-2341476406 2026-10-09 Cory Ventura 12m  Candy Ford  209 E Hwy 162, South prairie, Wa, 98385
    CREATE 8666-2353261867 2026-10-09 Cory Ventura 24m  Kalen Radford  14121 St. Rt. 165, Buckley, Washington, 98321
    CREATE 8463-2303110594 2026-10-09 Robert Norton 15m  Darren Mccullough  30010 Retreat Kanasket Road Southeast, Ravensdale, Washington, 98051
    CREATE 8528-2317029219 2026-10-09 Tavis Alexander 15m  Laura Galbato  3372 Northeast Harrison Street, Issaquah, Washington, 98029
    CREATE 8173-2253065772 2026-10-09 Robert Norton 15m  Louis Chirillo  19018 Southeast 260th Street, Covington, Washington, 98042
    CREATE 8545-2321158415 2026-10-09 Luke LaVergne 15m  Doris Osada  3726 East L Street, Tacoma, Washington, 98404
    CREATE 8556-2322166457 2026-10-09 Alias Franks 15m  William Kearl  24202 Southeast 30th Street, Sammamish, Washington, 98075
    CREATE 8627-2341461390 2026-10-09 Robert Norton 15m  Michelle Johnson  15325 Southeast 278th Street, Kent, Washington, 98042
    CREATE 8542-2321110292 2026-10-09 Luke LaVergne 15m  Geoff Bentley  2326 North 28th Street, Tacoma, Washington, 98403
    CREATE 8224-2262415875 2026-10-09 Tavis Alexander 15m  Kelsey Peck  45720 Southeast 139th Place, North Bend, Washington, 98045
    CREATE 8543-2321120941 2026-10-09 Alias Franks 15m  Yuji Xie  2640 262nd Place Southeast, Sammamish, Washington, 98075
    CREATE 8582-2332443224 2026-10-09 Luke LaVergne 15m  Stacey Ogle  8361 North 9th Street, Tacoma, Washington, 98406
    CREATE 8629-2341471077 2026-10-09 Robert Norton 15m  Dustin Quaschnik  22114 Southeast Bain Road, Maple Valley, Washington, 98038
    CREATE 8213-2261156486 2026-10-09 Tavis Alexander 15m  Cindy  Kamrin  3415 Northeast Madison Way, Issaquah, Washington, 98029

driver availability: 10-05: Alias/Luke/Robert/Tavis   10-06: Alias/Cory/Luke/Robert/Tavis   10-07: Alias/Cory/Luke/Robert/Tavis   10-08: Alias/Cory/Luke/Robert/Tavis   10-09: Alias/Cory/Luke/Robert/Tavis

=== OPTIMOROUTE: 551 CREATE ===
  CREATE 8235-2265630307 2026-10-05 Tavis Alexander  ok
  CREATE 8297-2273802321 2026-10-05 Alias Franks  ok
  CREATE 6900-2277236788 2026-10-05 Robert Norton  ok
  CREATE 8332-2280671491 2026-10-05 Luke LaVergne  ok
  CREATE 8340-2284316404 2026-10-05 Tavis Alexander  ok
  CREATE 8409-2294521484 2026-10-05 Tavis Alexander  ok
  CREATE 8072-2310315312 2026-10-05 Robert Norton  ok
  CREATE 8533-2319651792 2026-10-05 Tavis Alexander  ok
  CREATE 6674-2337668295 2026-10-05 Robert Norton  ok
  CREATE 8447-2337861735 2026-10-05 Alias Franks  ok
  CREATE 7736-2337979781 2026-10-05 Robert Norton  ok
  CREATE 6440-2338015485 2026-10-05 Robert Norton  ok
  CREATE 6277-2338212769 2026-10-05 Luke LaVergne  ok
  CREATE 8404-2338334813 2026-10-05 Luke LaVergne  ok
  CREATE 4711-2338336825 2026-10-05 Robert Norton  ok
  CREATE 8437-2338356844 2026-10-05 Luke LaVergne  ok
  CREATE 4771-2338433774 2026-10-05 Alias Franks  ok
  CREATE 8633-2344012260 2026-10-05 Luke LaVergne  ok
  CREATE 8434-2345239347 2026-10-05 Luke LaVergne  ok
  CREATE 7697-2345256820 2026-10-05 Robert Norton  ok
  CREATE 8457-2345284756 2026-10-05 Luke LaVergne  ok
  CREATE 8506-2345385128 2026-10-05 Alias Franks  ok
  CREATE 8359-2345882896 2026-10-05 Tavis Alexander  ok
  CREATE 7626-2346084581 2026-10-05 Robert Norton  ok
  CREATE 8270-2346128135 2026-10-05 Robert Norton  ok
  CREATE 4701-2346159956 2026-10-05 Robert Norton  ok
  CREATE 7971-2346246929 2026-10-05 Robert Norton  ok
  CREATE 8650-2347915401 2026-10-05 Robert Norton  ok
  CREATE 7546-2350063665 2026-10-05 Alias Franks  ok
  CREATE 5055-1583660672 2026-10-05 Tavis Alexander  ok
  CREATE 4902-1608591448 2026-10-05 Alias Franks  ok
  CREATE 4930-1637480735 2026-10-05 Robert Norton  ok
  CREATE 5087-1662802889 2026-10-05 Robert Norton  ok
  CREATE 5171-1741315314 2026-10-05 Alias Franks  ok
  CREATE 5298-1741959809 2026-10-05 Tavis Alexander  ok
  CREATE 5531-1805401522 2026-10-05 Alias Franks  ok
  CREATE 5324-1808364945 2026-10-05 Robert Norton  ok
  CREATE 4515-1830809785 2026-10-05 Robert Norton  ok
  CREATE 6926-1833716839 2026-10-05 Alias Franks  ok
  CREATE 7088-1867818444 2026-10-05 Tavis Alexander  ok
  CREATE 7362-1917564285 2026-10-05 Tavis Alexander  ok
  CREATE 7624-2016838582 2026-10-05 Alias Franks  ok
  CREATE 7682-2040455836 2026-10-05 Luke LaVergne  ok
  CREATE 7711-2054203864 2026-10-05 Alias Franks  ok
  CREATE 7736-2062850408 2026-10-05 Robert Norton  ok
  CREATE 7803-2098750853 2026-10-05 Luke LaVergne  ok
  CREATE 7804-2099659408 2026-10-05 Luke LaVergne  ok
  CREATE 7809-2102495851 2026-10-05 Luke LaVergne  ok
  CREATE 7810-2102497685 2026-10-05 Luke LaVergne  ok
  CREATE 7815-2105335608 2026-10-05 Luke LaVergne  ok
  CREATE 7822-2107367020 2026-10-05 Luke LaVergne  ok
  CREATE 7824-2108534470 2026-10-05 Luke LaVergne  ok
  CREATE 7834-2115671759 2026-10-05 Alias Franks  ok
  CREATE 6239-2122434227 2026-10-05 Tavis Alexander  ok
  CREATE 7891-2159693696 2026-10-05 Luke LaVergne  ok
  CREATE 7893-2161458712 2026-10-05 Luke LaVergne  ok
  CREATE 7917-2176623409 2026-10-05 Robert Norton  ok
  CREATE 7936-2190059056 2026-10-05 Luke LaVergne  ok
  CREATE 7996-2216280502 2026-10-05 Luke LaVergne  ok
  CREATE 8060-2231424554 2026-10-05 Alias Franks  ok
  CREATE 8065-2232218121 2026-10-05 Tavis Alexander  ok
  CREATE 8122-2242745191 2026-10-05 Robert Norton  ok
  CREATE 8210-2261152094 2026-10-05 Luke LaVergne  ok
  CREATE 8589-2333455051 2026-10-05 Luke LaVergne  ok
  CREATE 8634-2344012455 2026-10-05 Alias Franks  ok
  CREATE 8635-2344012564 2026-10-05 Tavis Alexander  ok
  CREATE 8646-2347882699 2026-10-05 Tavis Alexander  ok
  CREATE 8648-2347893561 2026-10-05 Tavis Alexander  ok
  CREATE 8662-2353251750 2026-10-05 Robert Norton  ok
  CREATE 8573-2325849167 2026-10-05 Alias Franks  ok
  CREATE 8588-2333262890 2026-10-05 Luke LaVergne  ok
  CREATE 8590-2333526256 2026-10-05 Luke LaVergne  ok
  CREATE 8461-2303106412 2026-10-05 Tavis Alexander  ok
  CREATE 8562-2324412530 2026-10-05 Alias Franks  ok
  CREATE 8525-2316832541 2026-10-05 Tavis Alexander  ok
  CREATE 8527-2317027285 2026-10-05 Luke LaVergne  ok
  CREATE 8623-2339147861 2026-10-05 Tavis Alexander  ok
  CREATE 8193-2259496033 2026-10-05 Tavis Alexander  ok
  CREATE 8524-2316828346 2026-10-05 Tavis Alexander  ok
  CREATE 8572-2325840897 2026-10-05 Alias Franks  ok
  CREATE 8600-2336538529 2026-10-05 Tavis Alexander  ok
  CREATE 8607-2336574630 2026-10-05 Tavis Alexander  ok
  CREATE 8615-2338494841 2026-10-05 Luke LaVergne  ok
  CREATE 8640-2346125464 2026-10-05 Alias Franks  ok
  CREATE 8492-2310233600 2026-10-05 Luke LaVergne  ok
  CREATE 8518-2315661966 2026-10-05 Tavis Alexander  ok
  CREATE 8592-2333909026 2026-10-05 Alias Franks  ok
  CREATE 8449-2301456661 2026-10-05 Luke LaVergne  ok
  CREATE 8523-2316825091 2026-10-05 Alias Franks  ok
  CREATE 8202-2259592336 2026-10-05 Robert Norton  ok
  CREATE 8522-2316822257 2026-10-05 Robert Norton  ok
  CREATE 8238-2265641334 2026-10-06 Alias Franks  ok
  CREATE 8287-2273490604 2026-10-06 Alias Franks  ok
  CREATE 8289-2273495888 2026-10-06 Tavis Alexander  ok
  CREATE 8388-2292800165 2026-10-06 Alias Franks  ok
  CREATE 4492-2294798365 2026-10-06 Robert Norton  ok
  CREATE 8421-2296258867 2026-10-06 Alias Franks  ok
  CREATE 8431-2297635823 2026-10-06 Cory Ventura  ok
  CREATE 8436-2298658371 2026-10-06 Luke LaVergne  ok
  CREATE 8452-2301463865 2026-10-06 Robert Norton  ok
  CREATE 8557-2322279055 2026-10-06 Alias Franks  ok
  CREATE 8560-2323384858 2026-10-06 Cory Ventura  ok
  CREATE 8593-2333944114 2026-10-06 Cory Ventura  ok
  CREATE 8602-2337853944 2026-10-06 Robert Norton  ok
  CREATE 7444-2339145225 2026-10-06 Robert Norton  ok
  CREATE 7489-2339696199 2026-10-06 Robert Norton  ok
  CREATE 7494-2339699848 2026-10-06 Robert Norton  ok
  CREATE 7853-2345277036 2026-10-06 Cory Ventura  ok
  CREATE 4480-2345354487 2026-10-06 Cory Ventura  ok
  CREATE 8375-2345632309 2026-10-06 Cory Ventura  ok
  CREATE 7725-2347391607 2026-10-06 Luke LaVergne  ok
  CREATE 8291-2347441802 2026-10-06 Robert Norton  ok
  CREATE 8482-2347451495 2026-10-06 Alias Franks  ok
  CREATE 6953-2347490158 2026-10-06 Robert Norton  ok
  CREATE 5602-2347502368 2026-10-06 Robert Norton  ok
  CREATE 8488-2347578983 2026-10-06 Tavis Alexander  ok
  CREATE 8505-2347730842 2026-10-06 Tavis Alexander  ok
  CREATE 8649-2347897832 2026-10-06 Tavis Alexander  ok
  CREATE 8659-2349484287 2026-10-06 Luke LaVergne  ok
  CREATE 6303-1615059612 2026-10-06 Tavis Alexander  ok
  CREATE 5025-1653713596 2026-10-06 Robert Norton  ok
  CREATE 6420-1658060972 2026-10-06 Alias Franks  ok
  CREATE 5077-1691585429 2026-10-06 Luke LaVergne  ok
  CREATE 5192-1702508284 2026-10-06 Luke LaVergne  ok
  CREATE 5024-1702511847 2026-10-06 Cory Ventura  ok
  CREATE 5413-1718745014 2026-10-06 Luke LaVergne  ok
  CREATE 5540-1718978555 2026-10-06 Cory Ventura  ok
  CREATE 6389-1737865557 2026-10-06 Cory Ventura  ok
  CREATE 6545-1741299808 2026-10-06 Tavis Alexander  ok
  CREATE 6555-1746499069 2026-10-06 Robert Norton  ok
  CREATE 4941-1757851597 2026-10-06 Cory Ventura  ok
  CREATE 6619-1776930418 2026-10-06 Luke LaVergne  ok
  CREATE 6784-1810350516 2026-10-06 Luke LaVergne  ok
  CREATE 5411-1820717474 2026-10-06 Tavis Alexander  ok
  CREATE 4425-1850020032 2026-10-06 Cory Ventura  ok
  CREATE 5940-1870719131 2026-10-06 Tavis Alexander  ok
  CREATE 4549-1880518956 2026-10-06 Cory Ventura  ok
  CREATE 5780-1880520515 2026-10-06 Cory Ventura  ok
  CREATE 7183-1889098188 2026-10-06 Tavis Alexander  ok
  CREATE 7267-1901629517 2026-10-06 Tavis Alexander  ok
  CREATE 5954-1912197348 2026-10-06 Luke LaVergne  ok
  CREATE 5597-1912251751 2026-10-06 Cory Ventura  ok
  CREATE 4608-1912588278 2026-10-06 Cory Ventura  ok
  CREATE 7365-1918288619 2026-10-06 Robert Norton  ok
  CREATE 7457-1939839681 2026-10-06 Luke LaVergne  ok
  CREATE 4777-1966485659 2026-10-06 Robert Norton  ok
  CREATE 6064-1980793862 2026-10-06 Cory Ventura  ok
  CREATE 6116-1986408293 2026-10-06 Tavis Alexander  ok
  CREATE 7496-2047096436 2026-10-06 Cory Ventura  ok
  CREATE 7723-2056042317 2026-10-06 Cory Ventura  ok
  CREATE 7740-2062933277 2026-10-06 Luke LaVergne  ok
  CREATE 7744-2063541056 2026-10-06 Tavis Alexander  ok
  CREATE 7747-2064947926 2026-10-06 Cory Ventura  ok
  CREATE 7764-2071869406 2026-10-06 Cory Ventura  ok
  CREATE 7424-2084222415 2026-10-06 Alias Franks  ok
  CREATE 6083-2089244620 2026-10-06 Robert Norton  ok
  CREATE 7795-2090045627 2026-10-06 Luke LaVergne  ok
  CREATE 7805-2099670569 2026-10-06 Luke LaVergne  ok
  CREATE 7819-2106927246 2026-10-06 Robert Norton  ok
  CREATE 7685-2106942185 2026-10-06 Robert Norton  ok
  CREATE 7839-2117235408 2026-10-06 Cory Ventura  ok
  CREATE 7857-2135671258 2026-10-06 Robert Norton  ok
  CREATE 7885-2154707215 2026-10-06 Alias Franks  ok
  CREATE 7939-2191052063 2026-10-06 Alias Franks  ok
  CREATE 7962-2201297329 2026-10-06 Robert Norton  ok
  CREATE 7960-2215770728 2026-10-06 Tavis Alexander  ok
  CREATE 8023-2221233774 2026-10-06 Robert Norton  ok
  CREATE 8067-2232219538 2026-10-06 Luke LaVergne  ok
  CREATE 8113-2240794025 2026-10-06 Tavis Alexander  ok
  CREATE 8133-2244933523 2026-10-06 Cory Ventura  ok
  CREATE 8509-2312571856 2026-10-06 Robert Norton  ok
  CREATE 8652-2347943402 2026-10-06 Tavis Alexander  ok
  CREATE 8551-2321792506 2026-10-06 Tavis Alexander  ok
  CREATE 8571-2325833357 2026-10-06 Robert Norton  ok
  CREATE 8663-2353254774 2026-10-06 Alias Franks  ok
  CREATE 8639-2346053026 2026-10-06 Tavis Alexander  ok
  CREATE 6334-2337756359 2026-10-06 Robert Norton  existed elsewhere -> UPDATE  ok
  CREATE 8564-2324418824 2026-10-06 Alias Franks  ok
  CREATE 8566-2324422320 2026-10-06 Tavis Alexander  ok
  CREATE 5639-2278337088 2026-10-06 Luke LaVergne  ok
  CREATE 8598-2336532998 2026-10-06 Alias Franks  ok
  CREATE 8619-2338506919 2026-10-06 Cory Ventura  ok
  CREATE 8169-2253062101 2026-10-06 Tavis Alexander  ok
  CREATE 8318-2277596700 2026-10-06 Cory Ventura  ok
  CREATE 8613-2337971756 2026-10-06 Tavis Alexander  ok
  CREATE 6400-2310063670 2026-10-06 Robert Norton  existed elsewhere -> UPDATE  ok
  CREATE 8569-2325654197 2026-10-06 Tavis Alexander  ok
  CREATE 8605-2336569865 2026-10-06 Tavis Alexander  ok
  CREATE 8610-2336586806 2026-10-06 Cory Ventura  ok
  CREATE 8611-2336588204 2026-10-06 Luke LaVergne  ok
  CREATE 8614-2338493379 2026-10-06 Luke LaVergne  ok
  CREATE 8462-2303109476 2026-10-06 Alias Franks  ok
  CREATE 8473-2305383419 2026-10-06 Alias Franks  ok
  CREATE 8507-2312558033 2026-10-06 Robert Norton  ok
  CREATE 8514-2313838666 2026-10-06 Robert Norton  ok
  CREATE 8535-2319706369 2026-10-06 Alias Franks  ok
  CREATE 8536-2319711389 2026-10-06 Tavis Alexander  ok
  CREATE 8537-2319722024 2026-10-06 Tavis Alexander  ok
  CREATE 8570-2325825658 2026-10-06 Alias Franks  ok
  CREATE 8584-2332496473 2026-10-06 Tavis Alexander  ok
  CREATE 8534-2319702724 2026-10-06 Alias Franks  ok
  CREATE 8526-2317027130 2026-10-06 Luke LaVergne  ok
  CREATE 8587-2332582263 2026-10-06 Luke LaVergne  ok
  CREATE 8558-2322281777 2026-10-06 Alias Franks  ok
  CREATE 8574-2326312917 2026-10-06 Alias Franks  ok
  CREATE 8578-2326351277 2026-10-06 Luke LaVergne  ok
  CREATE 8579-2326368092 2026-10-06 Robert Norton  ok
  CREATE 8641-2346390672 2026-10-06 Luke LaVergne  ok
  CREATE 7684-2344010395 2026-10-06 Robert Norton  ok
  CREATE 8638-2344013380 2026-10-06 Tavis Alexander  ok
  CREATE 8155-2248823452 2026-10-07 Robert Norton  ok
  CREATE 8217-2261194665 2026-10-07 Alias Franks  ok
  CREATE 8246-2267625561 2026-10-07 Alias Franks  ok
  CREATE 8251-2268072856 2026-10-07 Cory Ventura  ok
  CREATE 8305-2277336396 2026-10-07 Tavis Alexander  ok
  CREATE 8345-2284360328 2026-10-07 Tavis Alexander  ok
  CREATE 8391-2292835668 2026-10-07 Luke LaVergne  ok
  CREATE 8417-2295922373 2026-10-07 Luke LaVergne  ok
  CREATE 8428-2297627043 2026-10-07 Cory Ventura  ok
  CREATE 8548-2321196544 2026-10-07 Luke LaVergne  ok
  CREATE 8565-2324421295 2026-10-07 Luke LaVergne  ok
  CREATE 8586-2332552735 2026-10-07 Robert Norton  ok
  CREATE 7617-2340791496 2026-10-07 Robert Norton  ok
  CREATE 7713-2341068897 2026-10-07 Robert Norton  ok
  CREATE 8487-2348478175 2026-10-07 Luke LaVergne  ok
  CREATE 7757-2348587786 2026-10-07 Cory Ventura  ok
  CREATE 8406-2348636206 2026-10-07 Alias Franks  ok
  CREATE 6418-2348644803 2026-10-07 Cory Ventura  ok
  CREATE 8372-2348733466 2026-10-07 Tavis Alexander  ok
  CREATE 8269-2348761887 2026-10-07 Cory Ventura  ok
  CREATE 8489-2348996052 2026-10-07 Robert Norton  ok
  CREATE 8657-2349384275 2026-10-07 Alias Franks  ok
  CREATE 8658-2349425106 2026-10-07 Cory Ventura  ok
  CREATE 6270-1608590299 2026-10-07 Alias Franks  ok
  CREATE 4821-1608590939 2026-10-07 Cory Ventura  ok
  CREATE 6329-1622709177 2026-10-07 Alias Franks  ok
  CREATE 6352-1636520380 2026-10-07 Tavis Alexander  ok
  CREATE 6382-1647598856 2026-10-07 Robert Norton  ok
  CREATE 5035-1653715944 2026-10-07 Cory Ventura  ok
  CREATE 5438-1660629058 2026-10-07 Robert Norton  ok
  CREATE 6449-1669502381 2026-10-07 Cory Ventura  ok
  CREATE 5369-1691901970 2026-10-07 Robert Norton  ok
  CREATE 5328-1702467449 2026-10-07 Cory Ventura  ok
  CREATE 5329-1702468687 2026-10-07 Cory Ventura  ok
  CREATE 5260-1702472580 2026-10-07 Cory Ventura  ok
  CREATE 5330-1718757044 2026-10-07 Cory Ventura  ok
  CREATE 5432-1735740219 2026-10-07 Cory Ventura  ok
  CREATE 5503-1770748065 2026-10-07 Cory Ventura  ok
  CREATE 6607-1771843077 2026-10-07 Alias Franks  ok
  CREATE 6649-1783833894 2026-10-07 Robert Norton  ok
  CREATE 5672-1798664551 2026-10-07 Robert Norton  ok
  CREATE 5713-1815955461 2026-10-07 Cory Ventura  ok
  CREATE 6849-1820873832 2026-10-07 Alias Franks  ok
  CREATE 5700-1821393248 2026-10-07 Tavis Alexander  ok
  CREATE 7247-1899450461 2026-10-07 Robert Norton  ok
  CREATE 5818-1912225075 2026-10-07 Cory Ventura  ok
  CREATE 4741-1912554437 2026-10-07 Robert Norton  ok
  CREATE 4479-1912601453 2026-10-07 Cory Ventura  ok
  CREATE 7434-1932527474 2026-10-07 Alias Franks  ok
  CREATE 7476-1950305905 2026-10-07 Robert Norton  ok
  CREATE 7482-1951570323 2026-10-07 Cory Ventura  ok
  CREATE 7475-1956036751 2026-10-07 Tavis Alexander  ok
  CREATE 7504-1960881330 2026-10-07 Alias Franks  ok
  CREATE 7517-1970470242 2026-10-07 Robert Norton  ok
  CREATE 7459-1972718177 2026-10-07 Tavis Alexander  ok
  CREATE 7548-1990402337 2026-10-07 Robert Norton  ok
  CREATE 7560-1997997033 2026-10-07 Luke LaVergne  ok
  CREATE 6162-1998016432 2026-10-07 Cory Ventura  ok
  CREATE 7608-2014279993 2026-10-07 Tavis Alexander  ok
  CREATE 7623-2015794285 2026-10-07 Cory Ventura  ok
  CREATE 7317-2017346033 2026-10-07 Tavis Alexander  ok
  CREATE 7639-2022582008 2026-10-07 Alias Franks  ok
  CREATE 5440-2027785833 2026-10-07 Cory Ventura  ok
  CREATE 7696-2047148495 2026-10-07 Luke LaVergne  ok
  CREATE 7704-2050067395 2026-10-07 Cory Ventura  ok
  CREATE 7751-2066939127 2026-10-07 Tavis Alexander  ok
  CREATE 7765-2071883277 2026-10-07 Cory Ventura  ok
  CREATE 7776-2082030358 2026-10-07 Alias Franks  ok
  CREATE 7806-2100726742 2026-10-07 Cory Ventura  ok
  CREATE 7818-2106905785 2026-10-07 Cory Ventura  ok
  CREATE 7820-2107059593 2026-10-07 Robert Norton  ok
  CREATE 7872-2149985702 2026-10-07 Robert Norton  ok
  CREATE 7902-2164173918 2026-10-07 Luke LaVergne  ok
  CREATE 8030-2223332504 2026-10-07 Tavis Alexander  ok
  CREATE 8042-2226606805 2026-10-07 Alias Franks  ok
  CREATE 8056-2229566962 2026-10-07 Robert Norton  ok
  CREATE 8092-2237678672 2026-10-07 Alias Franks  ok
  CREATE 8111-2240793187 2026-10-07 Luke LaVergne  ok
  CREATE 8112-2240793541 2026-10-07 Tavis Alexander  ok
  CREATE 8596-2336530136 2026-10-07 Robert Norton  ok
  CREATE 8632-2344011765 2026-10-07 Tavis Alexander  ok
  CREATE 8636-2344012592 2026-10-07 Tavis Alexander  ok
  CREATE 8645-2347879635 2026-10-07 Tavis Alexander  ok
  CREATE 8661-2353251941 2026-10-07 Luke LaVergne  ok
  CREATE 8395-2293212666 2026-10-07 Robert Norton  ok
  CREATE 8618-2338504285 2026-10-07 Cory Ventura  ok
  CREATE 8218-2261194908 2026-10-07 Robert Norton  ok
  CREATE 8563-2324415779 2026-10-07 Alias Franks  ok
  CREATE 8568-2325548239 2026-10-07 Robert Norton  ok
  CREATE 8285-2273489074 2026-10-07 Alias Franks  ok
  CREATE 8616-2338497645 2026-10-07 Robert Norton  ok
  CREATE 8606-2336571551 2026-10-07 Luke LaVergne  ok
  CREATE 8608-2336576838 2026-10-07 Luke LaVergne  ok
  CREATE 8612-2336595352 2026-10-07 Luke LaVergne  ok
  CREATE 8532-2319527611 2026-10-07 Cory Ventura  ok
  CREATE 8472-2305381970 2026-10-07 Alias Franks  ok
  CREATE 8517-2315488667 2026-10-07 Luke LaVergne  ok
  CREATE 8194-2259504497 2026-10-07 Alias Franks  ok
  CREATE 8575-2326317158 2026-10-07 Luke LaVergne  ok
  CREATE 8626-2339788279 2026-10-07 Robert Norton  ok
  CREATE 8538-2319780449 2026-10-07 Cory Ventura  ok
  CREATE 8653-2349201362 2026-10-07 Cory Ventura  ok
  CREATE 8541-2320919773 2026-10-07 Alias Franks  ok
  CREATE 8576-2326325468 2026-10-07 Robert Norton  ok
  CREATE 8585-2332548542 2026-10-07 Cory Ventura  ok
  CREATE 8656-2349289053 2026-10-07 Robert Norton  ok
  CREATE 8624-2339776531 2026-10-07 Alias Franks  ok
  CREATE 8361-2286366064 2026-10-07 Tavis Alexander  ok
  CREATE 8642-2346550026 2026-10-07 Tavis Alexander  ok
  CREATE 8637-2344012956 2026-10-07 Robert Norton  ok
  CREATE 8154-2248818914 2026-10-08 Alias Franks  ok
  CREATE 8160-2250473089 2026-10-08 Robert Norton  ok
  CREATE 8214-2261162882 2026-10-08 Robert Norton  ok
  CREATE 8286-2273489701 2026-10-08 Alias Franks  ok
  CREATE 8317-2277582751 2026-10-08 Tavis Alexander  ok
  CREATE 8350-2284967403 2026-10-08 Robert Norton  ok
  CREATE 8351-2284968939 2026-10-08 Tavis Alexander  ok
  CREATE 8366-2287571388 2026-10-08 Robert Norton  ok
  CREATE 8232-2289334131 2026-10-08 Luke LaVergne  ok
  CREATE 8603-2336559639 2026-10-08 Tavis Alexander  ok
  CREATE 5148-2347198422 2026-10-08 Cory Ventura  ok
  CREATE 8390-2347214023 2026-10-08 Cory Ventura  ok
  CREATE 8599-2349876584 2026-10-08 Tavis Alexander  ok
  CREATE 8058-2349898283 2026-10-08 Cory Ventura  ok
  CREATE 6475-2349899865 2026-10-08 Robert Norton  ok
  CREATE 5371-2349909222 2026-10-08 Tavis Alexander  ok
  CREATE 8084-2349930170 2026-10-08 Cory Ventura  ok
  CREATE 8219-2349933937 2026-10-08 Tavis Alexander  ok
  CREATE 5152-2349940539 2026-10-08 Robert Norton  ok
  CREATE 7664-2349956142 2026-10-08 Cory Ventura  ok
  CREATE 8609-2349959219 2026-10-08 Robert Norton  ok
  CREATE 7812-2349988266 2026-10-08 Tavis Alexander  ok
  CREATE 6663-2349999018 2026-10-08 Robert Norton  ok
  CREATE 7793-2350024955 2026-10-08 Cory Ventura  ok
  CREATE 8513-2350048154 2026-10-08 Robert Norton  ok
  CREATE 8504-2350053200 2026-10-08 Cory Ventura  ok
  CREATE 8418-2350096045 2026-10-08 Tavis Alexander  ok
  CREATE 6454-2350109422 2026-10-08 Cory Ventura  ok
  CREATE 5071-2350110673 2026-10-08 Robert Norton  ok
  CREATE 4673-2350113626 2026-10-08 Alias Franks  ok
  CREATE 7406-2350135159 2026-10-08 Robert Norton  ok
  CREATE 7022-2350135400 2026-10-08 Alias Franks  ok
  CREATE 7880-2350138049 2026-10-08 Cory Ventura  ok
  CREATE 8203-2350146968 2026-10-08 Luke LaVergne  ok
  CREATE 4929-2350153957 2026-10-08 Robert Norton  ok
  CREATE 5034-2350186670 2026-10-08 Robert Norton  ok
  CREATE 7739-2350191009 2026-10-08 Cory Ventura  ok
  CREATE 8325-2350192948 2026-10-08 Cory Ventura  ok
  CREATE 7720-2350195349 2026-10-08 Cory Ventura  ok
  CREATE 8147-2350196270 2026-10-08 Tavis Alexander  ok
  CREATE 7672-2350203515 2026-10-08 Robert Norton  ok
  CREATE 8320-2350210083 2026-10-08 Tavis Alexander  ok
  CREATE 7964-2350229882 2026-10-08 Tavis Alexander  ok
  CREATE 4994-2350235611 2026-10-08 Cory Ventura  ok
  CREATE 7977-2350247191 2026-10-08 Luke LaVergne  ok
  CREATE 8231-2350252883 2026-10-08 Cory Ventura  ok
  CREATE 7869-2350325554 2026-10-08 Alias Franks  ok
  CREATE 7823-2350393606 2026-10-08 Tavis Alexander  ok
  CREATE 7937-2350413098 2026-10-08 Luke LaVergne  ok
  CREATE 8074-2350442283 2026-10-08 Alias Franks  ok
  CREATE 8442-2350452327 2026-10-08 Robert Norton  ok
  CREATE 8338-2350481040 2026-10-08 Tavis Alexander  ok
  CREATE 7961-2350493022 2026-10-08 Robert Norton  ok
  CREATE 7531-2350515128 2026-10-08 Tavis Alexander  ok
  CREATE 7618-2350525386 2026-10-08 Luke LaVergne  ok
  CREATE 8402-2350580092 2026-10-08 Cory Ventura  ok
  CREATE 4979-2350587096 2026-10-08 Cory Ventura  ok
  CREATE 4979-2350603904 2026-10-08 Cory Ventura  ok
  CREATE 7766-2350604832 2026-10-08 Robert Norton  ok
  CREATE 6990-2350618336 2026-10-08 Alias Franks  ok
  CREATE 5150-2350644936 2026-10-08 Alias Franks  ok
  CREATE 6144-2350653735 2026-10-08 Robert Norton  ok
  CREATE 4550-2350668732 2026-10-08 Robert Norton  ok
  CREATE 8412-2350679975 2026-10-08 Luke LaVergne  ok
  CREATE 8387-2350684660 2026-10-08 Alias Franks  ok
  CREATE 7832-2350697969 2026-10-08 Luke LaVergne  ok
  CREATE 7802-2350754140 2026-10-08 Alias Franks  ok
  CREATE 7728-2350784864 2026-10-08 Luke LaVergne  ok
  CREATE 8249-2351489332 2026-10-08 Alias Franks  ok
  CREATE 6246-1603712606 2026-10-08 Luke LaVergne  ok
  CREATE 4882-1608591789 2026-10-08 Cory Ventura  ok
  CREATE 6300-1615047506 2026-10-08 Cory Ventura  ok
  CREATE 5915-1637603709 2026-10-08 Cory Ventura  ok
  CREATE 5011-1643446777 2026-10-08 Alias Franks  ok
  CREATE 6373-1644290812 2026-10-08 Alias Franks  ok
  CREATE 5007-1650881877 2026-10-08 Alias Franks  ok
  CREATE 5040-1651220349 2026-10-08 Robert Norton  ok
  CREATE 5015-1671989022 2026-10-08 Luke LaVergne  ok
  CREATE 5022-1692025195 2026-10-08 Robert Norton  ok
  CREATE 5667-1740463936 2026-10-08 Tavis Alexander  ok
  CREATE 4935-1779399730 2026-10-08 Luke LaVergne  ok
  CREATE 6809-1815039727 2026-10-08 Alias Franks  ok
  CREATE 6985-1845630358 2026-10-08 Cory Ventura  ok
  CREATE 7262-1901456054 2026-10-08 Alias Franks  ok
  CREATE 4674-1912571519 2026-10-08 Luke LaVergne  ok
  CREATE 7337-1914131436 2026-10-08 Luke LaVergne  ok
  CREATE 7382-1921067292 2026-10-08 Robert Norton  ok
  CREATE 7461-1943007208 2026-10-08 Luke LaVergne  ok
  CREATE 6028-1957247221 2026-10-08 Cory Ventura  ok
  CREATE 7430-1966487317 2026-10-08 Cory Ventura  ok
  CREATE 7527-1972220412 2026-10-08 Luke LaVergne  ok
  CREATE 7529-1972229516 2026-10-08 Luke LaVergne  ok
  CREATE 4842-1986405964 2026-10-08 Robert Norton  ok
  CREATE 4954-2018210225 2026-10-08 Robert Norton  ok
  CREATE 7671-2037573342 2026-10-08 Cory Ventura  ok
  CREATE 7694-2046040971 2026-10-08 Cory Ventura  ok
  CREATE 7706-2050437699 2026-10-08 Cory Ventura  ok
  CREATE 7816-2106520669 2026-10-08 Cory Ventura  ok
  CREATE 7829-2109777981 2026-10-08 Luke LaVergne  ok
  CREATE 7837-2115889339 2026-10-08 Robert Norton  ok
  CREATE 7897-2162906629 2026-10-08 Luke LaVergne  ok
  CREATE 7904-2166561938 2026-10-08 Tavis Alexander  ok
  CREATE 7943-2192813928 2026-10-08 Robert Norton  ok
  CREATE 7980-2207214363 2026-10-08 Tavis Alexander  ok
  CREATE 7987-2212575341 2026-10-08 Robert Norton  ok
  CREATE 8016-2219811743 2026-10-08 Tavis Alexander  ok
  CREATE 8019-2220616487 2026-10-08 Tavis Alexander  ok
  CREATE 8026-2221306619 2026-10-08 Tavis Alexander  ok
  CREATE 8146-2247871546 2026-10-08 Tavis Alexander  ok
  CREATE 8577-2326337251 2026-10-08 Alias Franks  ok
  CREATE 8647-2347887092 2026-10-08 Luke LaVergne  ok
  CREATE 8664-2353256866 2026-10-08 Tavis Alexander  ok
  CREATE 8459-2303102682 2026-10-08 Robert Norton  ok
  CREATE 8643-2346551006 2026-10-08 Luke LaVergne  ok
  CREATE 8625-2339786164 2026-10-08 Tavis Alexander  ok
  CREATE 8549-2321473218 2026-10-08 Tavis Alexander  existed elsewhere -> UPDATE  ok
  CREATE 8591-2333550306 2026-10-08 Luke LaVergne  ok
  CREATE 8530-2319391454 2026-10-08 Robert Norton  ok
  CREATE 8581-2332428930 2026-10-08 Luke LaVergne  ok
  CREATE 8540-2320735314 2026-10-08 Tavis Alexander  ok
  CREATE 8620-2338513134 2026-10-08 Luke LaVergne  ok
  CREATE 8621-2338517379 2026-10-08 Luke LaVergne  ok
  CREATE 8622-2338523083 2026-10-08 Luke LaVergne  ok
  CREATE 8628-2341463780 2026-10-08 Robert Norton  ok
  CREATE 8644-2346553004 2026-10-08 Cory Ventura  ok
  CREATE 8237-2265638594 2026-10-09 Luke LaVergne  ok
  CREATE 8277-2273071167 2026-10-09 Luke LaVergne  ok
  CREATE 8290-2273501734 2026-10-09 Luke LaVergne  ok
  CREATE 8339-2284300839 2026-10-09 Alias Franks  ok
  CREATE 8519-2315673756 2026-10-09 Robert Norton  ok
  CREATE 8529-2319334237 2026-10-09 Luke LaVergne  ok
  CREATE 7705-2347076480 2026-10-09 Cory Ventura  ok
  CREATE 7657-2347088814 2026-10-09 Cory Ventura  ok
  CREATE 6324-2347094650 2026-10-09 Cory Ventura  ok
  CREATE 7670-2347328782 2026-10-09 Cory Ventura  ok
  CREATE 4926-2347394642 2026-10-09 Cory Ventura  ok
  CREATE 7858-2347465352 2026-10-09 Cory Ventura  ok
  CREATE 7673-2347544150 2026-10-09 Cory Ventura  ok
  CREATE 8654-2349260124 2026-10-09 Luke LaVergne  ok
  CREATE 7450-2351449355 2026-10-09 Robert Norton  ok
  CREATE 5201-2351508816 2026-10-09 Tavis Alexander  ok
  CREATE 7675-2351517224 2026-10-09 Luke LaVergne  ok
  CREATE 4614-2351544449 2026-10-09 Alias Franks  ok
  CREATE 8315-2351549347 2026-10-09 Tavis Alexander  ok
  CREATE 7497-2351588235 2026-10-09 Luke LaVergne  ok
  CREATE 8547-2351619716 2026-10-09 Alias Franks  ok
  CREATE 8444-2351629961 2026-10-09 Luke LaVergne  ok
  CREATE 6739-2351637870 2026-10-09 Tavis Alexander  ok
  CREATE 7295-2351667430 2026-10-09 Tavis Alexander  ok
  CREATE 7644-2351736799 2026-10-09 Robert Norton  ok
  CREATE 4754-2351744842 2026-10-09 Tavis Alexander  ok
  CREATE 7011-2351780273 2026-10-09 Alias Franks  ok
  CREATE 6409-2351788057 2026-10-09 Robert Norton  ok
  CREATE 8156-2351844481 2026-10-09 Alias Franks  ok
  CREATE 5412-2351875870 2026-10-09 Luke LaVergne  ok
  CREATE 5829-2351908237 2026-10-09 Robert Norton  ok
  CREATE 8531-2351946427 2026-10-09 Robert Norton  ok
  CREATE 8430-2351950938 2026-10-09 Luke LaVergne  ok
  CREATE 5441-2351958074 2026-10-09 Alias Franks  ok
  CREATE 4545-2351988768 2026-10-09 Robert Norton  ok
  CREATE 8046-2351997001 2026-10-09 Alias Franks  ok
  CREATE 7270-2352084099 2026-10-09 Tavis Alexander  ok
  CREATE 8520-2352103786 2026-10-09 Alias Franks  ok
  CREATE 7306-2352110947 2026-10-09 Robert Norton  ok
  CREATE 6287-2352150447 2026-10-09 Robert Norton  ok
  CREATE 8288-2352226852 2026-10-09 Alias Franks  ok
  CREATE 6677-2352229452 2026-10-09 Luke LaVergne  ok
  CREATE 5982-2352260751 2026-10-09 Robert Norton  ok
  CREATE 7941-2352280520 2026-10-09 Luke LaVergne  ok
  CREATE 8497-2352286616 2026-10-09 Alias Franks  ok
  CREATE 8258-2352298933 2026-10-09 Alias Franks  ok
  CREATE 6338-2352312400 2026-10-09 Luke LaVergne  ok
  CREATE 7817-2352313122 2026-10-09 Alias Franks  ok
  CREATE 8604-2352372030 2026-10-09 Alias Franks  ok
  CREATE 5053-1583660403 2026-10-09 Robert Norton  ok
  CREATE 5004-1644161611 2026-10-09 Tavis Alexander  ok
  CREATE 6402-1651426618 2026-10-09 Tavis Alexander  ok
  CREATE 5052-1670802017 2026-10-09 Robert Norton  ok
  CREATE 5415-1699827860 2026-10-09 Alias Franks  ok
  CREATE 5325-1724919184 2026-10-09 Tavis Alexander  ok
  CREATE 5427-1733048545 2026-10-09 Robert Norton  ok
  CREATE 5178-1770741184 2026-10-09 Luke LaVergne  ok
  CREATE 6653-1784920794 2026-10-09 Robert Norton  ok
  CREATE 5696-1794017235 2026-10-09 Luke LaVergne  ok
  CREATE 7026-1856363982 2026-10-09 Luke LaVergne  ok
  CREATE 4504-1876688785 2026-10-09 Tavis Alexander  ok
  CREATE 4880-1912508646 2026-10-09 Robert Norton  ok
  CREATE 4707-1912560950 2026-10-09 Robert Norton  ok
  CREATE 7388-1922166565 2026-10-09 Tavis Alexander  ok
  CREATE 7462-1944751846 2026-10-09 Cory Ventura  ok
  CREATE 6088-1946569456 2026-10-09 Tavis Alexander  ok
  CREATE 4760-1946570658 2026-10-09 Tavis Alexander  ok
  CREATE 7472-1948798908 2026-10-09 Tavis Alexander  ok
  CREATE 7477-1950307531 2026-10-09 Alias Franks  ok
  CREATE 7449-1975336012 2026-10-09 Robert Norton  ok
  CREATE 7570-2001256104 2026-10-09 Cory Ventura  ok
  CREATE 7637-2021592858 2026-10-09 Cory Ventura  ok
  CREATE 7676-2038726075 2026-10-09 Alias Franks  ok
  CREATE 7677-2038950865 2026-10-09 Cory Ventura  ok
  CREATE 7735-2062839277 2026-10-09 Robert Norton  ok
  CREATE 7767-2075253894 2026-10-09 Robert Norton  ok
  CREATE 7841-2118313210 2026-10-09 Tavis Alexander  ok
  CREATE 7896-2162893024 2026-10-09 Robert Norton  ok
  CREATE 8014-2219801349 2026-10-09 Alias Franks  ok
  CREATE 8044-2226610500 2026-10-09 Tavis Alexander  ok
  CREATE 8082-2234970249 2026-10-09 Luke LaVergne  ok
  CREATE 8083-2234973686 2026-10-09 Luke LaVergne  ok
  CREATE 8085-2234982866 2026-10-09 Luke LaVergne  ok
  CREATE 8090-2236826566 2026-10-09 Luke LaVergne  ok
  CREATE 8124-2242810807 2026-10-09 Luke LaVergne  ok
  CREATE 8137-2246402531 2026-10-09 Cory Ventura  ok
  CREATE 8594-2333955324 2026-10-09 Alias Franks  ok
  CREATE 8597-2336532012 2026-10-09 Robert Norton  ok
  CREATE 8655-2349269568 2026-10-09 Luke LaVergne  ok
  CREATE 8660-2350730991 2026-10-09 Robert Norton  ok
  CREATE 8665-2353257890 2026-10-09 Luke LaVergne  ok
  CREATE 8617-2338499452 2026-10-09 Robert Norton  ok
  CREATE 8630-2341476406 2026-10-09 Cory Ventura  ok
  CREATE 8666-2353261867 2026-10-09 Cory Ventura  ok
  CREATE 8463-2303110594 2026-10-09 Robert Norton  ok
  CREATE 8528-2317029219 2026-10-09 Tavis Alexander  ok
  CREATE 8173-2253065772 2026-10-09 Robert Norton  ok
  CREATE 8545-2321158415 2026-10-09 Luke LaVergne  ok
  CREATE 8556-2322166457 2026-10-09 Alias Franks  ok
  CREATE 8627-2341461390 2026-10-09 Robert Norton  ok
  CREATE 8542-2321110292 2026-10-09 Luke LaVergne  ok
  CREATE 8224-2262415875 2026-10-09 Tavis Alexander  ok
  CREATE 8543-2321120941 2026-10-09 Alias Franks  ok
  CREATE 8582-2332443224 2026-10-09 Luke LaVergne  ok
  CREATE 8629-2341471077 2026-10-09 Robert Norton  ok
  CREATE 8213-2261156486 2026-10-09 Tavis Alexander  ok
=== OPTIMOROUTE: 0 UPDATE ===
=== OPTIMOROUTE: 0 DELETE ===

=== OPTIMOROUTE: driver availability ===
  30/30 succeeded

=== PLAN 2026-10-05 (balancing OFF) ===
  Luke LaVergne       27 stops   752 min   283 km  first 07:02  last 18:08
  Robert Norton       22 stops   481 min    76 km  first 07:00  last 14:17
  Tavis Alexander     22 stops   546 min   150 km  first 07:00  last 14:26
  Alias Franks        20 stops   467 min   118 km  first 07:00  last 13:40

=== PLAN 2026-10-06 (balancing OFF) ===
  Robert Norton       27 stops   579 min    97 km  first 07:00  last 16:00
  Tavis Alexander     26 stops   639 min   187 km  first 07:04  last 16:01
  Alias Franks        20 stops   503 min   124 km  first 07:09  last 14:11
  Cory Ventura        25 stops   457 min   132 km  first 07:00  last 13:40
  Luke LaVergne       21 stops   610 min   205 km  first 07:00  last 15:53

=== PLAN 2026-10-07 (balancing OFF) ===
  Alias Franks        20 stops   511 min   149 km  first 07:00  last 14:39
  Cory Ventura        31 stops   557 min   143 km  first 07:00  last 15:29
  Luke LaVergne       15 stops   571 min   290 km  first 07:00  last 15:02
  Robert Norton       27 stops   606 min   140 km  first 07:02  last 16:04
  Tavis Alexander     17 stops   429 min   125 km  first 07:00  last 12:39

=== PLAN 2026-10-08 (balancing OFF) ===
  Alias Franks        17 stops   457 min   156 km  first 07:00  last 13:20
  Cory Ventura        28 stops   459 min    94 km  first 07:00  last 13:53
  Luke LaVergne       25 stops   731 min   276 km  first 07:03  last 17:38
  Robert Norton       30 stops   650 min   113 km  first 07:00  last 17:00
  Tavis Alexander     25 stops   548 min   129 km  first 07:00  last 14:13

=== PLAN 2026-10-09 (balancing OFF) ===
  Alias Franks        20 stops   480 min   137 km  first 07:16  last 13:37
  Cory Ventura        14 stops   282 min    78 km  first 07:00  last 10:59
  Luke LaVergne       26 stops   626 min   121 km  first 07:00  last 16:23
  Robert Norton       27 stops   592 min   113 km  first 07:00  last 16:09
  Tavis Alexander     19 stops   516 min   188 km  first 07:01  last 13:51

--no-times: planned times NOT written to Jobber.

✅ done 2026-10-04 10:06:36 PT — log: C:\Agentic-os-got-moles\projects\briefs\route-engine\redesign\ops\2026-10-05_week\sync-plan-times.log
Next: the arrival-window sweep (node projects/tool-jobber/scripts/arrival-window-sweep.mjs) so every visit carries the 3-hour window.
