{
 "type": "FeatureCollection",
 "features": [
  {
   "type": "Feature",
   "properties": {
    "kind": "tech-hull",
    "tech": "Alias Franks",
    "jobs": 223,
    "stableJobs": 106,
    "areaKm2": 779.3
   },
   "geometry": {
    "type": "Polygon",
    "coordinates": [
     [
      [
       -122.3997053,
       47.6964529
      ],
      [
       -122.3887655,
       47.6562045
      ],
      [
       -122.3697716,
       47.64237929999999
      ],
      [
       -122.3612292,
       47.6382157
      ],
      [
       -122.0702539,
       47.5754978
      ],
      [
       -122.0509599,
       47.57444779999999
      ],
      [
       -122.0132448,
       47.5921031
      ],
      [
       -121.923388,
       47.6574979
      ],
      [
       -121.9690878,
       47.7401125
      ],
      [
       -122.1414695,
       47.8781067
      ],
      [
       -122.1643455,
       47.8758677
      ],
      [
       -122.3886916,
       47.7777205
      ],
      [
       -122.3997053,
       47.6964529
      ]
     ]
    ]
   }
  },
  {
   "type": "Feature",
   "properties": {
    "kind": "tech-weekday-hull",
    "tech": "Alias Franks",
    "weekday": "mon",
    "jobs": 47,
    "stableJobs": 6,
    "areaKm2": 20.6
   },
   "geometry": {
    "type": "Polygon",
    "coordinates": [
     [
      [
       -122.2400211,
       47.6167551
      ],
      [
       -122.09133,
       47.6295757
      ],
      [
       -122.134167,
       47.654352
      ],
      [
       -122.162981,
       47.65105759999999
      ],
      [
       -122.2400211,
       47.6167551
      ]
     ]
    ]
   }
  },
  {
   "type": "Feature",
   "properties": {
    "kind": "tech-weekday-hull",
    "tech": "Alias Franks",
    "weekday": "tue",
    "jobs": 54,
    "stableJobs": 33,
    "areaKm2": 130
   },
   "geometry": {
    "type": "Polygon",
    "coordinates": [
     [
      [
       -122.3997053,
       47.6964529
      ],
      [
       -122.3887655,
       47.6562045
      ],
      [
       -122.3697716,
       47.64237929999999
      ],
      [
       -122.3612292,
       47.6382157
      ],
      [
       -122.316799,
       47.6459336
      ],
      [
       -122.2555556,
       47.6707002
      ],
      [
       -122.2815724,
       47.76979559999999
      ],
      [
       -122.3886916,
       47.7777205
      ],
      [
       -122.3997053,
       47.6964529
      ]
     ]
    ]
   }
  },
  {
   "type": "Feature",
   "properties": {
    "kind": "tech-weekday-hull",
    "tech": "Alias Franks",
    "weekday": "wed",
    "jobs": 40,
    "stableJobs": 22,
    "areaKm2": 192.4
   },
   "geometry": {
    "type": "Polygon",
    "coordinates": [
     [
      [
       -122.2165456,
       47.7561218
      ],
      [
       -122.1628303,
       47.6998022
      ],
      [
       -122.1044958,
       47.6920255
      ],
      [
       -122.0263334,
       47.7097404
      ],
      [
       -122.0280898,
       47.76850899999999
      ],
      [
       -122.0424764,
       47.790099
      ],
      [
       -122.1414695,
       47.8781067
      ],
      [
       -122.1643455,
       47.8758677
      ],
      [
       -122.2165456,
       47.7561218
      ]
     ]
    ]
   }
  },
  {
   "type": "Feature",
   "properties": {
    "kind": "tech-weekday-hull",
    "tech": "Alias Franks",
    "weekday": "thu",
    "jobs": 38,
    "stableJobs": 19,
    "areaKm2": 105.6
   },
   "geometry": {
    "type": "Polygon",
    "coordinates": [
     [
      [
       -122.0895541,
       47.6568157
      ],
      [
       -121.9780174,
       47.6283746
      ],
      [
       -121.923388,
       47.6574979
      ],
      [
       -121.9690878,
       47.7401125
      ],
      [
       -121.9844442,
       47.7376401
      ],
      [
       -122.0786313,
       47.721852
      ],
      [
       -122.0895541,
       47.6568157
      ]
     ]
    ]
   }
  },
  {
   "type": "Feature",
   "properties": {
    "kind": "tech-weekday-hull",
    "tech": "Alias Franks",
    "weekday": "fri",
    "jobs": 44,
    "stableJobs": 26,
    "areaKm2": 26.3
   },
   "geometry": {
    "type": "Polygon",
    "coordinates": [
     [
      [
       -122.085527,
       47.587141
      ],
      [
       -122.0702539,
       47.5754978
      ],
      [
       -122.0509599,
       47.57444779999999
      ],
      [
       -122.0132448,
       47.5921031
      ],
      [
       -122.0163739,
       47.6154005
      ],
      [
       -122.0243332,
       47.6287444
      ],
      [
       -122.0575327,
       47.6419528
      ],
      [
       -122.0852159,
       47.587886
      ],
      [
       -122.085527,
       47.587141
      ]
     ]
    ]
   }
  },
  {
   "type": "Feature",
   "properties": {
    "kind": "tech-hull",
    "tech": "Cory Ventura",
    "jobs": 223,
    "stableJobs": 10,
    "areaKm2": 453.6
   },
   "geometry": {
    "type": "Polygon",
    "coordinates": [
     [
      [
       -122.3412399,
       47.2012835
      ],
      [
       -122.3057331,
       47.1674851
      ],
      [
       -122.1395287,
       47.1048502
      ],
      [
       -122.0580516,
       47.3503553
      ],
      [
       -122.0872193,
       47.4436835
      ],
      [
       -122.1874143,
       47.4153883
      ],
      [
       -122.3412399,
       47.2012835
      ]
     ]
    ]
   }
  },
  {
   "type": "Feature",
   "properties": {
    "kind": "tech-weekday-hull",
    "tech": "Cory Ventura",
    "weekday": "mon",
    "jobs": 62,
    "stableJobs": 6,
    "areaKm2": 19.8
   },
   "geometry": {
    "type": "Polygon",
    "coordinates": [
     [
      [
       -122.1198217,
       47.399801
      ],
      [
       -122.1189823,
       47.3920019
      ],
      [
       -122.0580516,
       47.3503553
      ],
      [
       -122.0872193,
       47.4436835
      ],
      [
       -122.1198217,
       47.399801
      ]
     ]
    ]
   }
  },
  {
   "type": "Feature",
   "properties": {
    "kind": "tech-weekday-hull",
    "tech": "Cory Ventura",
    "weekday": "wed",
    "jobs": 40,
    "stableJobs": 3,
    "areaKm2": 53.5
   },
   "geometry": {
    "type": "Polygon",
    "coordinates": [
     [
      [
       -122.3412399,
       47.2012835
      ],
      [
       -122.3057331,
       47.1674851
      ],
      [
       -122.1874143,
       47.4153883
      ],
      [
       -122.3412399,
       47.2012835
      ]
     ]
    ]
   }
  },
  {
   "type": "Feature",
   "properties": {
    "kind": "tech-hull",
    "tech": "Luke LaVergne",
    "jobs": 188,
    "stableJobs": 63,
    "areaKm2": 2738.7
   },
   "geometry": {
    "type": "Polygon",
    "coordinates": [
     [
      [
       -122.9903655,
       46.9860841
      ],
      [
       -122.387306,
       46.8659
      ],
      [
       -122.2080899,
       46.8474161
      ],
      [
       -122.3532296,
       47.2178182
      ],
      [
       -122.5024087,
       47.5101084
      ],
      [
       -122.6091834,
       47.5953737
      ],
      [
       -122.6217255,
       47.5931582
      ],
      [
       -122.9843325,
       47.130807
      ],
      [
       -122.9902251,
       46.9903842
      ],
      [
       -122.9903655,
       46.9860841
      ]
     ]
    ]
   }
  },
  {
   "type": "Feature",
   "properties": {
    "kind": "tech-weekday-hull",
    "tech": "Luke LaVergne",
    "weekday": "mon",
    "jobs": 49,
    "stableJobs": 11,
    "areaKm2": 248
   },
   "geometry": {
    "type": "Polygon",
    "coordinates": [
     [
      [
       -122.9843325,
       47.130807
      ],
      [
       -122.9724536,
       47.0583717
      ],
      [
       -122.9191532,
       47.0402896
      ],
      [
       -122.5660792,
       47.1217185
      ],
      [
       -122.5329755,
       47.1526215
      ],
      [
       -122.8820536,
       47.14696989999999
      ],
      [
       -122.9843325,
       47.130807
      ]
     ]
    ]
   }
  },
  {
   "type": "Feature",
   "properties": {
    "kind": "tech-weekday-hull",
    "tech": "Luke LaVergne",
    "weekday": "tue",
    "jobs": 31,
    "stableJobs": 9,
    "areaKm2": 196.8
   },
   "geometry": {
    "type": "Polygon",
    "coordinates": [
     [
      [
       -122.387306,
       46.8659
      ],
      [
       -122.2080899,
       46.8474161
      ],
      [
       -122.3128564,
       47.0757541
      ],
      [
       -122.3584989,
       47.0148038
      ],
      [
       -122.38682,
       46.96631
      ],
      [
       -122.387306,
       46.8659
      ]
     ]
    ]
   }
  },
  {
   "type": "Feature",
   "properties": {
    "kind": "tech-weekday-hull",
    "tech": "Luke LaVergne",
    "weekday": "wed",
    "jobs": 32,
    "stableJobs": 23,
    "areaKm2": 619.2
   },
   "geometry": {
    "type": "Polygon",
    "coordinates": [
     [
      [
       -122.7879844,
       47.3043488
      ],
      [
       -122.745445,
       47.2099219
      ],
      [
       -122.610495,
       47.22015
      ],
      [
       -122.5133974,
       47.2466642
      ],
      [
       -122.5024087,
       47.5101084
      ],
      [
       -122.6091834,
       47.5953737
      ],
      [
       -122.6217255,
       47.5931582
      ],
      [
       -122.7879844,
       47.3043488
      ]
     ]
    ]
   }
  },
  {
   "type": "Feature",
   "properties": {
    "kind": "tech-weekday-hull",
    "tech": "Luke LaVergne",
    "weekday": "thu",
    "jobs": 37,
    "stableJobs": 11,
    "areaKm2": 143.6
   },
   "geometry": {
    "type": "Polygon",
    "coordinates": [
     [
      [
       -122.9903655,
       46.9860841
      ],
      [
       -122.8960284,
       46.9764461
      ],
      [
       -122.7283953,
       46.9615768
      ],
      [
       -122.4834878,
       46.9841966
      ],
      [
       -122.5454911,
       46.9939507
      ],
      [
       -122.761917,
       47.0266703
      ],
      [
       -122.9902251,
       46.9903842
      ],
      [
       -122.9903655,
       46.9860841
      ]
     ]
    ]
   }
  },
  {
   "type": "Feature",
   "properties": {
    "kind": "tech-weekday-hull",
    "tech": "Luke LaVergne",
    "weekday": "fri",
    "jobs": 39,
    "stableJobs": 9,
    "areaKm2": 60.6
   },
   "geometry": {
    "type": "Polygon",
    "coordinates": [
     [
      [
       -122.4626497,
       47.2650156
      ],
      [
       -122.4251862,
       47.1252609
      ],
      [
       -122.4246737,
       47.124895
      ],
      [
       -122.4072174,
       47.13504
      ],
      [
       -122.3532296,
       47.2178182
      ],
      [
       -122.4626497,
       47.2650156
      ]
     ]
    ]
   }
  },
  {
   "type": "Feature",
   "properties": {
    "kind": "tech-hull",
    "tech": "Robert Norton",
    "jobs": 193,
    "stableJobs": 80,
    "areaKm2": 517.5
   },
   "geometry": {
    "type": "Polygon",
    "coordinates": [
     [
      [
       -122.4307621,
       47.30906179999999
      ],
      [
       -122.4260009,
       47.3035779
      ],
      [
       -122.1834593,
       47.1249304
      ],
      [
       -122.1373725,
       47.1228298
      ],
      [
       -122.0561212,
       47.1383734
      ],
      [
       -122.0237001,
       47.1514093
      ],
      [
       -121.9691991,
       47.185759
      ],
      [
       -121.9628854,
       47.2080369
      ],
      [
       -121.9544789,
       47.26155
      ],
      [
       -122.1002642,
       47.3060758
      ],
      [
       -122.3201641,
       47.34268669999999
      ],
      [
       -122.4307621,
       47.30906179999999
      ]
     ]
    ]
   }
  },
  {
   "type": "Feature",
   "properties": {
    "kind": "tech-weekday-hull",
    "tech": "Robert Norton",
    "weekday": "tue",
    "jobs": 36,
    "stableJobs": 18,
    "areaKm2": 73.3
   },
   "geometry": {
    "type": "Polygon",
    "coordinates": [
     [
      [
       -122.1321909,
       47.2662324
      ],
      [
       -122.050888,
       47.2024169
      ],
      [
       -121.9691991,
       47.185759
      ],
      [
       -121.9628854,
       47.2080369
      ],
      [
       -121.9544789,
       47.26155
      ],
      [
       -122.1321909,
       47.2662324
      ]
     ]
    ]
   }
  },
  {
   "type": "Feature",
   "properties": {
    "kind": "tech-weekday-hull",
    "tech": "Robert Norton",
    "weekday": "wed",
    "jobs": 40,
    "stableJobs": 19,
    "areaKm2": 75.8
   },
   "geometry": {
    "type": "Polygon",
    "coordinates": [
     [
      [
       -122.2548541,
       47.2263352
      ],
      [
       -122.2362993,
       47.21273679999999
      ],
      [
       -122.1864524,
       47.1917631
      ],
      [
       -122.0129998,
       47.1672771
      ],
      [
       -122.1555972,
       47.2548436
      ],
      [
       -122.236177,
       47.2394814
      ],
      [
       -122.2548541,
       47.2263352
      ]
     ]
    ]
   }
  },
  {
   "type": "Feature",
   "properties": {
    "kind": "tech-weekday-hull",
    "tech": "Robert Norton",
    "weekday": "thu",
    "jobs": 44,
    "stableJobs": 25,
    "areaKm2": 93.3
   },
   "geometry": {
    "type": "Polygon",
    "coordinates": [
     [
      [
       -122.4307621,
       47.30906179999999
      ],
      [
       -122.4260009,
       47.3035779
      ],
      [
       -122.278989,
       47.2076996
      ],
      [
       -122.2643199,
       47.233322
      ],
      [
       -122.2586219,
       47.2608682
      ],
      [
       -122.2585695,
       47.2628122
      ],
      [
       -122.2643313,
       47.27607709999999
      ],
      [
       -122.3201641,
       47.34268669999999
      ],
      [
       -122.4307621,
       47.30906179999999
      ]
     ]
    ]
   }
  },
  {
   "type": "Feature",
   "properties": {
    "kind": "tech-weekday-hull",
    "tech": "Robert Norton",
    "weekday": "fri",
    "jobs": 53,
    "stableJobs": 17,
    "areaKm2": 39.6
   },
   "geometry": {
    "type": "Polygon",
    "coordinates": [
     [
      [
       -122.193525,
       47.1646614
      ],
      [
       -122.1834593,
       47.1249304
      ],
      [
       -122.1373725,
       47.1228298
      ],
      [
       -122.0561212,
       47.1383734
      ],
      [
       -122.0237001,
       47.1514093
      ],
      [
       -122.1237119,
       47.1636062
      ],
      [
       -122.193525,
       47.1646614
      ]
     ]
    ]
   }
  },
  {
   "type": "Feature",
   "properties": {
    "kind": "tech-hull",
    "tech": "Tavis Alexander",
    "jobs": 236,
    "stableJobs": 86,
    "areaKm2": 950.9
   },
   "geometry": {
    "type": "Polygon",
    "coordinates": [
     [
      [
       -122.4094684,
       47.6690224
      ],
      [
       -122.4080128,
       47.6444978
      ],
      [
       -122.3699919,
       47.4506312
      ],
      [
       -122.3282426,
       47.4074902
      ],
      [
       -121.7318189,
       47.446849
      ],
      [
       -121.7120463,
       47.4533581
      ],
      [
       -121.7194303,
       47.4842647
      ],
      [
       -121.7501906,
       47.5343306
      ],
      [
       -121.9068785,
       47.5722641
      ],
      [
       -122.4094684,
       47.6690224
      ]
     ]
    ]
   }
  },
  {
   "type": "Feature",
   "properties": {
    "kind": "tech-weekday-hull",
    "tech": "Tavis Alexander",
    "weekday": "mon",
    "jobs": 50,
    "stableJobs": 4,
    "areaKm2": 11.8
   },
   "geometry": {
    "type": "Polygon",
    "coordinates": [
     [
      [
       -122.3314595,
       47.4384611
      ],
      [
       -122.3282426,
       47.4074902
      ],
      [
       -122.245424,
       47.4879689
      ],
      [
       -122.3314595,
       47.4384611
      ]
     ]
    ]
   }
  },
  {
   "type": "Feature",
   "properties": {
    "kind": "tech-weekday-hull",
    "tech": "Tavis Alexander",
    "weekday": "tue",
    "jobs": 53,
    "stableJobs": 12,
    "areaKm2": 122.1
   },
   "geometry": {
    "type": "Polygon",
    "coordinates": [
     [
      [
       -122.4094684,
       47.6690224
      ],
      [
       -122.4080128,
       47.6444978
      ],
      [
       -122.3699919,
       47.4506312
      ],
      [
       -122.2939232,
       47.5558128
      ],
      [
       -122.2857679,
       47.6132128
      ],
      [
       -122.2985447,
       47.6225814
      ],
      [
       -122.4094684,
       47.6690224
      ]
     ]
    ]
   }
  },
  {
   "type": "Feature",
   "properties": {
    "kind": "tech-weekday-hull",
    "tech": "Tavis Alexander",
    "weekday": "wed",
    "jobs": 37,
    "stableJobs": 21,
    "areaKm2": 12.2
   },
   "geometry": {
    "type": "Polygon",
    "coordinates": [
     [
      [
       -122.2047793,
       47.530415
      ],
      [
       -122.204535,
       47.5286331
      ],
      [
       -122.1934229,
       47.5122176
      ],
      [
       -122.1859171,
       47.5062319
      ],
      [
       -122.1476445,
       47.505212
      ],
      [
       -122.1436954,
       47.51310410000001
      ],
      [
       -122.1431565,
       47.5298745
      ],
      [
       -122.1431695,
       47.5309857
      ],
      [
       -122.1579297,
       47.53547409999999
      ],
      [
       -122.2047793,
       47.530415
      ]
     ]
    ]
   }
  },
  {
   "type": "Feature",
   "properties": {
    "kind": "tech-weekday-hull",
    "tech": "Tavis Alexander",
    "weekday": "thu",
    "jobs": 50,
    "stableJobs": 16,
    "areaKm2": 56.7
   },
   "geometry": {
    "type": "Polygon",
    "coordinates": [
     [
      [
       -122.2275164,
       47.581073
      ],
      [
       -122.2251594,
       47.5331194
      ],
      [
       -122.0320805,
       47.5302665
      ],
      [
       -122.0774037,
       47.555487
      ],
      [
       -122.1921372,
       47.5868945
      ],
      [
       -122.2275164,
       47.581073
      ]
     ]
    ]
   }
  },
  {
   "type": "Feature",
   "properties": {
    "kind": "tech-weekday-hull",
    "tech": "Tavis Alexander",
    "weekday": "fri",
    "jobs": 46,
    "stableJobs": 33,
    "areaKm2": 158.5
   },
   "geometry": {
    "type": "Polygon",
    "coordinates": [
     [
      [
       -122.0344159,
       47.55785650000001
      ],
      [
       -121.9064196,
       47.5052145
      ],
      [
       -121.7318189,
       47.446849
      ],
      [
       -121.7120463,
       47.4533581
      ],
      [
       -121.7194303,
       47.4842647
      ],
      [
       -121.7501906,
       47.5343306
      ],
      [
       -121.9068785,
       47.5722641
      ],
      [
       -121.9702653,
       47.5811334
      ],
      [
       -121.986497,
       47.5801538
      ],
      [
       -122.0224383,
       47.5655818
      ],
      [
       -122.0344159,
       47.55785650000001
      ]
     ]
    ]
   }
  },
  {
   "type": "Feature",
   "properties": {
    "kind": "tech-seam-cluster",
    "pair": "Cory Ventura | Robert Norton",
    "customers": 14,
    "describedAs": "Buckley (13), Pierce County (1) around Connells Prairie Road / 78th Street East / 70th Street East"
   },
   "geometry": {
    "type": "Point",
    "coordinates": [
     -122.12667,
     47.18789
    ]
   }
  },
  {
   "type": "Feature",
   "properties": {
    "kind": "tech-seam-cluster",
    "pair": "Cory Ventura | Robert Norton",
    "customers": 8,
    "describedAs": "Enumclaw (8) around Cole Street / Southeast 432nd Street / Merritt Avenue"
   },
   "geometry": {
    "type": "Point",
    "coordinates": [
     -121.97799,
     47.21331
    ]
   }
  },
  {
   "type": "Feature",
   "properties": {
    "kind": "tech-seam-cluster",
    "pair": "Cory Ventura | Robert Norton",
    "customers": 8,
    "describedAs": "Buckley (8) around 241st Avenue Court East / 108th Street Court East / 112th Street East"
   },
   "geometry": {
    "type": "Point",
    "coordinates": [
     -122.10481,
     47.15451
    ]
   }
  },
  {
   "type": "Feature",
   "properties": {
    "kind": "tech-seam-cluster",
    "pair": "Cory Ventura | Robert Norton",
    "customers": 7,
    "describedAs": "Black Diamond (4), Kent (3) around Southeast Sawyer Ridge / Southeast 304th Street / 200th Court Southeast"
   },
   "geometry": {
    "type": "Point",
    "coordinates": [
     -122.0525,
     47.32443
    ]
   }
  },
  {
   "type": "Feature",
   "properties": {
    "kind": "tech-seam-cluster",
    "pair": "Cory Ventura | Robert Norton",
    "customers": 7,
    "describedAs": "Puyallup (7) around 162nd Street Court East / 71 Avenue East / 76th Avenue Court East"
   },
   "geometry": {
    "type": "Point",
    "coordinates": [
     -122.33882,
     47.10981
    ]
   }
  },
  {
   "type": "Feature",
   "properties": {
    "kind": "tech-seam-cluster",
    "pair": "Cory Ventura | Robert Norton",
    "customers": 6,
    "describedAs": "Enumclaw (6) around 276th Avenue Southeast / SE 472nd st / Southeast 456th Street"
   },
   "geometry": {
    "type": "Point",
    "coordinates": [
     -121.9688,
     47.18662
    ]
   }
  },
  {
   "type": "Feature",
   "properties": {
    "kind": "tech-seam-cluster",
    "pair": "Alias Franks | Tavis Alexander",
    "customers": 14,
    "describedAs": "Medina (8), Clyde Hill (4), Bellevue (2) around Evergreen Point Road / Northeast 28th Street / 79th Avenue Northeast"
   },
   "geometry": {
    "type": "Point",
    "coordinates": [
     -122.22778,
     47.62612
    ]
   }
  },
  {
   "type": "Feature",
   "properties": {
    "kind": "tech-seam-cluster",
    "pair": "Alias Franks | Tavis Alexander",
    "customers": 6,
    "describedAs": "North Bend (6) around Northeast 12th Street / Southeast 127th Place / Northeast 4th Street"
   },
   "geometry": {
    "type": "Point",
    "coordinates": [
     -121.77027,
     47.49501
    ]
   }
  },
  {
   "type": "Feature",
   "properties": {
    "kind": "tech-seam-cluster",
    "pair": "Alias Franks | Tavis Alexander",
    "customers": 6,
    "describedAs": "Seattle (6) around 40th Avenue West / 31st Avenue West / 39th Avenue West"
   },
   "geometry": {
    "type": "Point",
    "coordinates": [
     -122.40722,
     47.6568
    ]
   }
  },
  {
   "type": "Feature",
   "properties": {
    "kind": "tech-seam-cluster",
    "pair": "Alias Franks | Tavis Alexander",
    "customers": 5,
    "describedAs": "Bellevue (5) around Southeast 26th Street / 121st Avenue Southeast / 109th Avenue Southeast"
   },
   "geometry": {
    "type": "Point",
    "coordinates": [
     -122.19312,
     47.59836
    ]
   }
  },
  {
   "type": "Feature",
   "properties": {
    "kind": "tech-seam-cluster",
    "pair": "Alias Franks | Tavis Alexander",
    "customers": 3,
    "describedAs": "Seattle (3) around 37th Avenue East / 22nd Avenue East / 26th Avenue East"
   },
   "geometry": {
    "type": "Point",
    "coordinates": [
     -122.29581,
     47.62769
    ]
   }
  },
  {
   "type": "Feature",
   "properties": {
    "kind": "tech-seam-cluster",
    "pair": "Alias Franks | Tavis Alexander",
    "customers": 3,
    "describedAs": "Seattle (3) around McGraw Place / 3rd Avenue West / 10th Avenue West"
   },
   "geometry": {
    "type": "Point",
    "coordinates": [
     -122.36171,
     47.6404
    ]
   }
  },
  {
   "type": "Feature",
   "properties": {
    "kind": "tech-seam-cluster",
    "pair": "Cory Ventura | Tavis Alexander",
    "customers": 11,
    "describedAs": "Renton (8), Newcastle (3) around Southeast 100th Street / 143rd Avenue Southeast / 148th Avenue Southeast"
   },
   "geometry": {
    "type": "Point",
    "coordinates": [
     -122.13793,
     47.51431
    ]
   }
  },
  {
   "type": "Feature",
   "properties": {
    "kind": "tech-seam-cluster",
    "pair": "Cory Ventura | Tavis Alexander",
    "customers": 6,
    "describedAs": "Issaquah (4), Sammamish (2) around 238th PL Southeast / 260th Avenue Southeast / Southeast 45th Place"
   },
   "geometry": {
    "type": "Point",
    "coordinates": [
     -122.00798,
     47.57098
    ]
   }
  },
  {
   "type": "Feature",
   "properties": {
    "kind": "tech-seam-cluster",
    "pair": "Cory Ventura | Tavis Alexander",
    "customers": 6,
    "describedAs": "Renton (6) around Southeast 128th Street / Southeast 116th Street / 164th Avenue Southeast"
   },
   "geometry": {
    "type": "Point",
    "coordinates": [
     -122.11986,
     47.49597
    ]
   }
  },
  {
   "type": "Feature",
   "properties": {
    "kind": "tech-seam-cluster",
    "pair": "Cory Ventura | Tavis Alexander",
    "customers": 5,
    "describedAs": "Bellevue (5) around Cascade Key / 122nd Avenue Southeast / 117th Avenue Southeast"
   },
   "geometry": {
    "type": "Point",
    "coordinates": [
     -122.18329,
     47.56638
    ]
   }
  },
  {
   "type": "Feature",
   "properties": {
    "kind": "tech-seam-cluster",
    "pair": "Cory Ventura | Tavis Alexander",
    "customers": 2,
    "describedAs": "Newcastle (2) around Southeast 87th Place / 140th Avenue Southeast"
   },
   "geometry": {
    "type": "Point",
    "coordinates": [
     -122.15274,
     47.52257
    ]
   }
  },
  {
   "type": "Feature",
   "properties": {
    "kind": "tech-seam-cluster",
    "pair": "Cory Ventura | Tavis Alexander",
    "customers": 2,
    "describedAs": "Renton (2) around Monterey Drive Northeast / Grant Avenue South"
   },
   "geometry": {
    "type": "Point",
    "coordinates": [
     -122.19617,
     47.4793
    ]
   }
  },
  {
   "type": "Feature",
   "properties": {
    "kind": "tech-seam-cluster",
    "pair": "Cory Ventura | Luke LaVergne",
    "customers": 8,
    "describedAs": "Tacoma (8) around North 33rd Street / North 39th Street / North 28th Street"
   },
   "geometry": {
    "type": "Point",
    "coordinates": [
     -122.48072,
     47.27801
    ]
   }
  },
  {
   "type": "Feature",
   "properties": {
    "kind": "tech-seam-cluster",
    "pair": "Cory Ventura | Luke LaVergne",
    "customers": 6,
    "describedAs": "Graham (5), Orting (1) around 150th Avenue East / 199th Street Court East / 210th Street East"
   },
   "geometry": {
    "type": "Point",
    "coordinates": [
     -122.23424,
     47.07099
    ]
   }
  },
  {
   "type": "Feature",
   "properties": {
    "kind": "tech-seam-cluster",
    "pair": "Cory Ventura | Luke LaVergne",
    "customers": 3,
    "describedAs": "Graham (2), graham (1) around Orting Kapowsin Hwy / 135th Avenue Court East / Orting Kapowsin Highway East"
   },
   "geometry": {
    "type": "Point",
    "coordinates": [
     -122.25213,
     47.04478
    ]
   }
  },
  {
   "type": "Feature",
   "properties": {
    "kind": "tech-seam-cluster",
    "pair": "Cory Ventura | Luke LaVergne",
    "customers": 2,
    "describedAs": "Fircrest (2) around 63rd Avenue West / Fir Park Lane"
   },
   "geometry": {
    "type": "Point",
    "coordinates": [
     -122.51926,
     47.22801
    ]
   }
  },
  {
   "type": "Feature",
   "properties": {
    "kind": "tech-seam-cluster",
    "pair": "Cory Ventura | Luke LaVergne",
    "customers": 2,
    "describedAs": "Tacoma (2) around 35th Avenue East"
   },
   "geometry": {
    "type": "Point",
    "coordinates": [
     -122.38213,
     47.11775
    ]
   }
  },
  {
   "type": "Feature",
   "properties": {
    "kind": "tech-seam-cluster",
    "pair": "Cory Ventura | Luke LaVergne",
    "customers": 1,
    "describedAs": "Graham (1) around 171st Avenue Court East"
   },
   "geometry": {
    "type": "Point",
    "coordinates": [
     -122.20396,
     47.05994
    ]
   }
  },
  {
   "type": "Feature",
   "properties": {
    "kind": "tech-seam-cluster",
    "pair": "Luke LaVergne | Robert Norton",
    "customers": 5,
    "describedAs": "Puyallup (3), Edgewood (2) around Valley Ave. E / 117th Avenue Court East / 118th Avenue Court East"
   },
   "geometry": {
    "type": "Point",
    "coordinates": [
     -122.2778,
     47.20865
    ]
   }
  },
  {
   "type": "Feature",
   "properties": {
    "kind": "tech-seam-cluster",
    "pair": "Luke LaVergne | Robert Norton",
    "customers": 5,
    "describedAs": "Federal Way (5) around 13th Avenue Southwest / Southwest 349th Place / Southwest 349th Street"
   },
   "geometry": {
    "type": "Point",
    "coordinates": [
     -122.35538,
     47.29705
    ]
   }
  },
  {
   "type": "Feature",
   "properties": {
    "kind": "tech-seam-cluster",
    "pair": "Alias Franks | Cory Ventura",
    "customers": 2,
    "describedAs": "Sammamish (2) around Southeast 36th Court / Southeast 30th Street"
   },
   "geometry": {
    "type": "Point",
    "coordinates": [
     -122.01448,
     47.57979
    ]
   }
  },
  {
   "type": "Feature",
   "properties": {
    "kind": "overlap-customer",
    "jobNumber": 4492,
    "client": "Rich Porter",
    "assignedTech": "Cory Ventura",
    "techA": "Robert Norton",
    "techB": "Cory Ventura",
    "againstMajority": true
   },
   "geometry": {
    "type": "Point",
    "coordinates": [
     -122.1151837,
     47.3141524
    ]
   }
  },
  {
   "type": "Feature",
   "properties": {
    "kind": "overlap-customer",
    "jobNumber": 4502,
    "client": "Doreen Rigos",
    "assignedTech": "Alias Franks",
    "techA": "Alias Franks",
    "techB": "Tavis Alexander",
    "againstMajority": false
   },
   "geometry": {
    "type": "Point",
    "coordinates": [
     -122.2849128,
     47.6320045
    ]
   }
  },
  {
   "type": "Feature",
   "properties": {
    "kind": "overlap-customer",
    "jobNumber": 4550,
    "client": "Lee Hansen",
    "assignedTech": "Cory Ventura",
    "techA": "Cory Ventura",
    "techB": "Tavis Alexander",
    "againstMajority": false
   },
   "geometry": {
    "type": "Point",
    "coordinates": [
     -122.0872193,
     47.4436835
    ]
   }
  },
  {
   "type": "Feature",
   "properties": {
    "kind": "overlap-customer",
    "jobNumber": 4581,
    "client": "Al Nettles",
    "assignedTech": "Alias Franks",
    "techA": "Alias Franks",
    "techB": "Tavis Alexander",
    "againstMajority": false
   },
   "geometry": {
    "type": "Point",
    "coordinates": [
     -122.1637847,
     47.6322324
    ]
   }
  },
  {
   "type": "Feature",
   "properties": {
    "kind": "overlap-customer",
    "jobNumber": 4701,
    "client": "Thomas Carpinito",
    "assignedTech": "Cory Ventura",
    "techA": "Cory Ventura",
    "techB": "Robert Norton",
    "againstMajority": false
   },
   "geometry": {
    "type": "Point",
    "coordinates": [
     -122.0701776,
     47.38913059999999
    ]
   }
  },
  {
   "type": "Feature",
   "properties": {
    "kind": "overlap-customer",
    "jobNumber": 4707,
    "client": "Sandy Foster",
    "assignedTech": "Robert Norton",
    "techA": "Robert Norton",
    "techB": "Cory Ventura",
    "againstMajority": false
   },
   "geometry": {
    "type": "Point",
    "coordinates": [
     -122.0476262,
     47.329079
    ]
   }
  },
  {
   "type": "Feature",
   "properties": {
    "kind": "overlap-customer",
    "jobNumber": 4777,
    "client": "Al Chappell",
    "assignedTech": "Cory Ventura",
    "techA": "Robert Norton",
    "techB": "Cory Ventura",
    "againstMajority": true
   },
   "geometry": {
    "type": "Point",
    "coordinates": [
     -122.1832983,
     47.3394408
    ]
   }
  },
  {
   "type": "Feature",
   "properties": {
    "kind": "overlap-customer",
    "jobNumber": 4874,
    "client": "Jon Foster",
    "assignedTech": "Cory Ventura",
    "techA": "Cory Ventura",
    "techB": "Tavis Alexander",
    "againstMajority": false
   },
   "geometry": {
    "type": "Point",
    "coordinates": [
     -122.2032542,
     47.397264
    ]
   }
  },
  {
   "type": "Feature",
   "properties": {
    "kind": "overlap-customer",
    "jobNumber": 4905,
    "client": "Ashley Clark",
    "assignedTech": "Tavis Alexander",
    "techA": "Tavis Alexander",
    "techB": "Alias Franks",
    "againstMajority": false
   },
   "geometry": {
    "type": "Point",
    "coordinates": [
     -122.0224383,
     47.5655818
    ]
   }
  },
  {
   "type": "Feature",
   "properties": {
    "kind": "overlap-customer",
    "jobNumber": 4930,
    "client": "Plemmons Industries",
    "assignedTech": "Cory Ventura",
    "techA": "Cory Ventura",
    "techB": "Robert Norton",
    "againstMajority": false
   },
   "geometry": {
    "type": "Point",
    "coordinates": [
     -122.1686022,
     47.3727087
    ]
   }
  },
  {
   "type": "Feature",
   "properties": {
    "kind": "overlap-customer",
    "jobNumber": 4953,
    "client": "Steve Herbst",
    "assignedTech": "Tavis Alexander",
    "techA": "Tavis Alexander",
    "techB": "Alias Franks",
    "againstMajority": false
   },
   "geometry": {
    "type": "Point",
    "coordinates": [
     -122.0495234,
     47.5350009
    ]
   }
  },
  {
   "type": "Feature",
   "properties": {
    "kind": "overlap-customer",
    "jobNumber": 4975,
    "client": "Brian Beans",
    "assignedTech": "Tavis Alexander",
    "techA": "Tavis Alexander",
    "techB": "Robert Norton",
    "againstMajority": false
   },
   "geometry": {
    "type": "Point",
    "coordinates": [
     -122.3381437,
     47.4187544
    ]
   }
  },
  {
   "type": "Feature",
   "properties": {
    "kind": "overlap-customer",
    "jobNumber": 4998,
    "client": "Bill Langley",
    "assignedTech": "Luke LaVergne",
    "techA": "Luke LaVergne",
    "techB": "Robert Norton",
    "againstMajority": false
   },
   "geometry": {
    "type": "Point",
    "coordinates": [
     -122.28196450000002,
     47.0611886
    ]
   }
  },
  {
   "type": "Feature",
   "properties": {
    "kind": "overlap-customer",
    "jobNumber": 5022,
    "client": "Liz Jones",
    "assignedTech": "Cory Ventura",
    "techA": "Cory Ventura",
    "techB": "Tavis Alexander",
    "againstMajority": false
   },
   "geometry": {
    "type": "Point",
    "coordinates": [
     -122.016086,
     47.45661500000001
    ]
   }
  },
  {
   "type": "Feature",
   "properties": {
    "kind": "overlap-customer",
    "jobNumber": 5040,
    "client": "Priscilla Dendy",
    "assignedTech": "Cory Ventura",
    "techA": "Cory Ventura",
    "techB": "Tavis Alexander",
    "againstMajority": false
   },
   "geometry": {
    "type": "Point",
    "coordinates": [
     -122.027832,
     47.458078
    ]
   }
  },
  {
   "type": "Feature",
   "properties": {
    "kind": "overlap-customer",
    "jobNumber": 5052,
    "client": "Tom Weaver",
    "assignedTech": "Cory Ventura",
    "techA": "Robert Norton",
    "techB": "Cory Ventura",
    "againstMajority": true
   },
   "geometry": {
    "type": "Point",
    "coordinates": [
     -121.9352537,
     47.3480491
    ]
   }
  },
  {
   "type": "Feature",
   "properties": {
    "kind": "overlap-customer",
    "jobNumber": 5053,
    "client": "Dennis Scroggins",
    "assignedTech": "Cory Ventura",
    "techA": "Cory Ventura",
    "techB": "Robert Norton",
    "againstMajority": false
   },
   "geometry": {
    "type": "Point",
    "coordinates": [
     -121.9751259,
     47.3734004
    ]
   }
  },
  {
   "type": "Feature",
   "properties": {
    "kind": "overlap-customer",
    "jobNumber": 5087,
    "client": "Ganesh   Thirumalai",
    "assignedTech": "Cory Ventura",
    "techA": "Cory Ventura",
    "techB": "Tavis Alexander",
    "againstMajority": false
   },
   "geometry": {
    "type": "Point",
    "coordinates": [
     -122.1838857,
     47.4436859
    ]
   }
  },
  {
   "type": "Feature",
   "properties": {
    "kind": "overlap-customer",
    "jobNumber": 5152,
    "client": "Jenny Roy",
    "assignedTech": "Cory Ventura",
    "techA": "Cory Ventura",
    "techB": "Tavis Alexander",
    "againstMajority": false
   },
   "geometry": {
    "type": "Point",
    "coordinates": [
     -122.012771,
     47.46183509999999
    ]
   }
  },
  {
   "type": "Feature",
   "properties": {
    "kind": "overlap-customer",
    "jobNumber": 5178,
    "client": "Washington Premier Soccer Club",
    "assignedTech": "Luke LaVergne",
    "techA": "Robert Norton",
    "techB": "Luke LaVergne",
    "againstMajority": true
   },
   "geometry": {
    "type": "Point",
    "coordinates": [
     -122.3532296,
     47.2178182
    ]
   }
  },
  {
   "type": "Feature",
   "properties": {
    "kind": "overlap-customer",
    "jobNumber": 5280,
    "client": "Tim Flood",
    "assignedTech": "Tavis Alexander",
    "techA": "Tavis Alexander",
    "techB": "Robert Norton",
    "againstMajority": false
   },
   "geometry": {
    "type": "Point",
    "coordinates": [
     -122.3392584,
     47.4193411
    ]
   }
  },
  {
   "type": "Feature",
   "properties": {
    "kind": "overlap-customer",
    "jobNumber": 5324,
    "client": "Scott  Moser",
    "assignedTech": "Cory Ventura",
    "techA": "Cory Ventura",
    "techB": "Tavis Alexander",
    "againstMajority": false
   },
   "geometry": {
    "type": "Point",
    "coordinates": [
     -122.2020327,
     47.4063761
    ]
   }
  },
  {
   "type": "Feature",
   "properties": {
    "kind": "overlap-customer",
    "jobNumber": 5355,
    "client": "Debra Chrapaty",
    "assignedTech": "Alias Franks",
    "techA": "Alias Franks",
    "techB": "Tavis Alexander",
    "againstMajority": false
   },
   "geometry": {
    "type": "Point",
    "coordinates": [
     -122.1778796,
     47.6348127
    ]
   }
  },
  {
   "type": "Feature",
   "properties": {
    "kind": "overlap-customer",
    "jobNumber": 5413,
    "client": "Ron Houlihan",
    "assignedTech": "Cory Ventura",
    "techA": "Luke LaVergne",
    "techB": "Robert Norton",
    "againstMajority": true
   },
   "geometry": {
    "type": "Point",
    "coordinates": [
     -122.2534839,
     47.0416349
    ]
   }
  },
  {
   "type": "Feature",
   "properties": {
    "kind": "overlap-customer",
    "jobNumber": 5415,
    "client": "Rick Conces",
    "assignedTech": "Tavis Alexander",
    "techA": "Tavis Alexander",
    "techB": "Alias Franks",
    "againstMajority": false
   },
   "geometry": {
    "type": "Point",
    "coordinates": [
     -122.0444777,
     47.5491943
    ]
   }
  },
  {
   "type": "Feature",
   "properties": {
    "kind": "overlap-customer",
    "jobNumber": 5427,
    "client": "Dave Wilson",
    "assignedTech": "Cory Ventura",
    "techA": "Cory Ventura",
    "techB": "Robert Norton",
    "againstMajority": false
   },
   "geometry": {
    "type": "Point",
    "coordinates": [
     -122.0271356,
     47.3743376
    ]
   }
  },
  {
   "type": "Feature",
   "properties": {
    "kind": "overlap-customer",
    "jobNumber": 5536,
    "client": "Clark Potter",
    "assignedTech": "Cory Ventura",
    "techA": "Cory Ventura",
    "techB": "Robert Norton",
    "againstMajority": false
   },
   "geometry": {
    "type": "Point",
    "coordinates": [
     -122.1027806,
     47.3665236
    ]
   }
  },
  {
   "type": "Feature",
   "properties": {
    "kind": "overlap-customer",
    "jobNumber": 5540,
    "client": "Chris Thornhill",
    "assignedTech": "Luke LaVergne",
    "techA": "Robert Norton",
    "techB": "Luke LaVergne",
    "againstMajority": true
   },
   "geometry": {
    "type": "Point",
    "coordinates": [
     -122.2295133,
     47.0770402
    ]
   }
  },
  {
   "type": "Feature",
   "properties": {
    "kind": "overlap-customer",
    "jobNumber": 5602,
    "client": "Sandee Smith",
    "assignedTech": "Cory Ventura",
    "techA": "Cory Ventura",
    "techB": "Robert Norton",
    "againstMajority": false
   },
   "geometry": {
    "type": "Point",
    "coordinates": [
     -122.0634885,
     47.3712188
    ]
   }
  },
  {
   "type": "Feature",
   "properties": {
    "kind": "overlap-customer",
    "jobNumber": 5676,
    "client": "Clark Potter",
    "assignedTech": "Cory Ventura",
    "techA": "Cory Ventura",
    "techB": "Tavis Alexander",
    "againstMajority": false
   },
   "geometry": {
    "type": "Point",
    "coordinates": [
     -122.0276761,
     47.44854
    ]
   }
  },
  {
   "type": "Feature",
   "properties": {
    "kind": "overlap-customer",
    "jobNumber": 5727,
    "client": "Eric Crossley",
    "assignedTech": "Cory Ventura",
    "techA": "Robert Norton",
    "techB": "Luke LaVergne",
    "againstMajority": true
   },
   "geometry": {
    "type": "Point",
    "coordinates": [
     -122.216604,
     47.0458307
    ]
   }
  },
  {
   "type": "Feature",
   "properties": {
    "kind": "overlap-customer",
    "jobNumber": 5829,
    "client": "Tom Hornberg",
    "assignedTech": "Cory Ventura",
    "techA": "Cory Ventura",
    "techB": "Tavis Alexander",
    "againstMajority": false
   },
   "geometry": {
    "type": "Point",
    "coordinates": [
     -121.9610883,
     47.4216042
    ]
   }
  },
  {
   "type": "Feature",
   "properties": {
    "kind": "overlap-customer",
    "jobNumber": 5940,
    "client": "Don Severide",
    "assignedTech": "Tavis Alexander",
    "techA": "Tavis Alexander",
    "techB": "Alias Franks",
    "againstMajority": false
   },
   "geometry": {
    "type": "Point",
    "coordinates": [
     -122.1125289,
     47.5598819
    ]
   }
  },
  {
   "type": "Feature",
   "properties": {
    "kind": "overlap-customer",
    "jobNumber": 5954,
    "client": "Loren Vail",
    "assignedTech": "Cory Ventura",
    "techA": "Robert Norton",
    "techB": "Luke LaVergne",
    "againstMajority": true
   },
   "geometry": {
    "type": "Point",
    "coordinates": [
     -122.2502676,
     47.0519448
    ]
   }
  },
  {
   "type": "Feature",
   "properties": {
    "kind": "overlap-customer",
    "jobNumber": 5982,
    "client": "David Rosser",
    "assignedTech": "Cory Ventura",
    "techA": "Cory Ventura",
    "techB": "Robert Norton",
    "againstMajority": false
   },
   "geometry": {
    "type": "Point",
    "coordinates": [
     -122.022905,
     47.3738278
    ]
   }
  },
  {
   "type": "Feature",
   "properties": {
    "kind": "overlap-customer",
    "jobNumber": 6064,
    "client": "Joe  Edmunson",
    "assignedTech": "Cory Ventura",
    "techA": "Robert Norton",
    "techB": "Luke LaVergne",
    "againstMajority": true
   },
   "geometry": {
    "type": "Point",
    "coordinates": [
     -122.207159,
     47.06170700000001
    ]
   }
  },
  {
   "type": "Feature",
   "properties": {
    "kind": "overlap-customer",
    "jobNumber": 6144,
    "client": "Thanhquyen Nguyen",
    "assignedTech": "Cory Ventura",
    "techA": "Cory Ventura",
    "techB": "Tavis Alexander",
    "againstMajority": false
   },
   "geometry": {
    "type": "Point",
    "coordinates": [
     -122.0698993,
     47.4293698
    ]
   }
  },
  {
   "type": "Feature",
   "properties": {
    "kind": "overlap-customer",
    "jobNumber": 6241,
    "client": "Mickey Boerner",
    "assignedTech": "Cory Ventura",
    "techA": "Robert Norton",
    "techB": "Luke LaVergne",
    "againstMajority": true
   },
   "geometry": {
    "type": "Point",
    "coordinates": [
     -122.224357,
     47.0724396
    ]
   }
  },
  {
   "type": "Feature",
   "properties": {
    "kind": "overlap-customer",
    "jobNumber": 6287,
    "client": "Charles Hahn",
    "assignedTech": "Cory Ventura",
    "techA": "Cory Ventura",
    "techB": "Tavis Alexander",
    "againstMajority": false
   },
   "geometry": {
    "type": "Point",
    "coordinates": [
     -122.0005507,
     47.4274672
    ]
   }
  },
  {
   "type": "Feature",
   "properties": {
    "kind": "overlap-customer",
    "jobNumber": 6297,
    "client": "Lauren Tomala",
    "assignedTech": "Tavis Alexander",
    "techA": "Tavis Alexander",
    "techB": "Alias Franks",
    "againstMajority": false
   },
   "geometry": {
    "type": "Point",
    "coordinates": [
     -122.3956754,
     47.5848019
    ]
   }
  },
  {
   "type": "Feature",
   "properties": {
    "kind": "overlap-customer",
    "jobNumber": 6334,
    "client": "Alexandra Daley",
    "assignedTech": "Cory Ventura",
    "techA": "Cory Ventura",
    "techB": "Robert Norton",
    "againstMajority": false
   },
   "geometry": {
    "type": "Point",
    "coordinates": [
     -122.1784963,
     47.3439403
    ]
   }
  },
  {
   "type": "Feature",
   "properties": {
    "kind": "overlap-customer",
    "jobNumber": 6354,
    "client": "Duncan Kariuki",
    "assignedTech": "Cory Ventura",
    "techA": "Cory Ventura",
    "techB": "Tavis Alexander",
    "againstMajority": false
   },
   "geometry": {
    "type": "Point",
    "coordinates": [
     -122.1198217,
     47.399801
    ]
   }
  },
  {
   "type": "Feature",
   "properties": {
    "kind": "overlap-customer",
    "jobNumber": 6380,
    "client": "Rob Chadek",
    "assignedTech": "Alias Franks",
    "techA": "Alias Franks",
    "techB": "Tavis Alexander",
    "againstMajority": false
   },
   "geometry": {
    "type": "Point",
    "coordinates": [
     -121.9551631,
     47.616867
    ]
   }
  },
  {
   "type": "Feature",
   "properties": {
    "kind": "overlap-customer",
    "jobNumber": 6389,
    "client": "Clint Bjornson",
    "assignedTech": "Luke LaVergne",
    "techA": "Robert Norton",
    "techB": "Luke LaVergne",
    "againstMajority": true
   },
   "geometry": {
    "type": "Point",
    "coordinates": [
     -122.2039576,
     47.0599351
    ]
   }
  },
  {
   "type": "Feature",
   "properties": {
    "kind": "overlap-customer",
    "jobNumber": 6392,
    "client": "Dan Hazen",
    "assignedTech": "Tavis Alexander",
    "techA": "Tavis Alexander",
    "techB": "Alias Franks",
    "againstMajority": false
   },
   "geometry": {
    "type": "Point",
    "coordinates": [
     -122.2263202,
     47.6279705
    ]
   }
  },
  {
   "type": "Feature",
   "properties": {
    "kind": "overlap-customer",
    "jobNumber": 6409,
    "client": "Kevin Hoffman",
    "assignedTech": "Cory Ventura",
    "techA": "Cory Ventura",
    "techB": "Tavis Alexander",
    "againstMajority": false
   },
   "geometry": {
    "type": "Point",
    "coordinates": [
     -121.9625236,
     47.4079706
    ]
   }
  },
  {
   "type": "Feature",
   "properties": {
    "kind": "overlap-customer",
    "jobNumber": 6425,
    "client": "Barclay Square",
    "assignedTech": "Tavis Alexander",
    "techA": "Tavis Alexander",
    "techB": "Alias Franks",
    "againstMajority": false
   },
   "geometry": {
    "type": "Point",
    "coordinates": [
     -121.9993663,
     47.5762288
    ]
   }
  },
  {
   "type": "Feature",
   "properties": {
    "kind": "overlap-customer",
    "jobNumber": 6436,
    "client": "Bobby  Holt",
    "assignedTech": "Alias Franks",
    "techA": "Alias Franks",
    "techB": "Tavis Alexander",
    "againstMajority": false
   },
   "geometry": {
    "type": "Point",
    "coordinates": [
     -122.3039731,
     47.628472
    ]
   }
  },
  {
   "type": "Feature",
   "properties": {
    "kind": "overlap-customer",
    "jobNumber": 6440,
    "client": "Marta Dickerson",
    "assignedTech": "Cory Ventura",
    "techA": "Cory Ventura",
    "techB": "Tavis Alexander",
    "againstMajority": false
   },
   "geometry": {
    "type": "Point",
    "coordinates": [
     -122.21049,
     47.3912551
    ]
   }
  },
  {
   "type": "Feature",
   "properties": {
    "kind": "overlap-customer",
    "jobNumber": 6463,
    "client": "Jerry Wilkinson",
    "assignedTech": "Cory Ventura",
    "techA": "Cory Ventura",
    "techB": "Robert Norton",
    "againstMajority": false
   },
   "geometry": {
    "type": "Point",
    "coordinates": [
     -122.1696288,
     47.3610996
    ]
   }
  },
  {
   "type": "Feature",
   "properties": {
    "kind": "overlap-customer",
    "jobNumber": 6475,
    "client": "Amber Owen",
    "assignedTech": "Cory Ventura",
    "techA": "Tavis Alexander",
    "techB": "Cory Ventura",
    "againstMajority": true
   },
   "geometry": {
    "type": "Point",
    "coordinates": [
     -122.025729,
     47.4636518
    ]
   }
  },
  {
   "type": "Feature",
   "properties": {
    "kind": "overlap-customer",
    "jobNumber": 6495,
    "client": "Gary Hollins",
    "assignedTech": "Cory Ventura",
    "techA": "Cory Ventura",
    "techB": "Tavis Alexander",
    "againstMajority": false
   },
   "geometry": {
    "type": "Point",
    "coordinates": [
     -122.152862,
     47.4397685
    ]
   }
  },
  {
   "type": "Feature",
   "properties": {
    "kind": "overlap-customer",
    "jobNumber": 6500,
    "client": "Sheri Powers",
    "assignedTech": "Cory Ventura",
    "techA": "Cory Ventura",
    "techB": "Tavis Alexander",
    "againstMajority": false
   },
   "geometry": {
    "type": "Point",
    "coordinates": [
     -122.1531699,
     47.4398595
    ]
   }
  },
  {
   "type": "Feature",
   "properties": {
    "kind": "overlap-customer",
    "jobNumber": 6567,
    "client": "Sharon Da-Dalto",
    "assignedTech": "Tavis Alexander",
    "techA": "Robert Norton",
    "techB": "Tavis Alexander",
    "againstMajority": true
   },
   "geometry": {
    "type": "Point",
    "coordinates": [
     -122.3282426,
     47.4074902
    ]
   }
  },
  {
   "type": "Feature",
   "properties": {
    "kind": "overlap-customer",
    "jobNumber": 6628,
    "client": "Shana Valencia",
    "assignedTech": "Cory Ventura",
    "techA": "Cory Ventura",
    "techB": "Robert Norton",
    "againstMajority": false
   },
   "geometry": {
    "type": "Point",
    "coordinates": [
     -122.06147720000001,
     47.3546136
    ]
   }
  },
  {
   "type": "Feature",
   "properties": {
    "kind": "overlap-customer",
    "jobNumber": 6653,
    "client": "SLPPLLC",
    "assignedTech": "Cory Ventura",
    "techA": "Cory Ventura",
    "techB": "Robert Norton",
    "againstMajority": false
   },
   "geometry": {
    "type": "Point",
    "coordinates": [
     -122.1400624,
     47.3437806
    ]
   }
  },
  {
   "type": "Feature",
   "properties": {
    "kind": "overlap-customer",
    "jobNumber": 6735,
    "client": "Joe Gross",
    "assignedTech": "Alias Franks",
    "techA": "Alias Franks",
    "techB": "Tavis Alexander",
    "againstMajority": false
   },
   "geometry": {
    "type": "Point",
    "coordinates": [
     -122.1848262,
     47.6425518
    ]
   }
  },
  {
   "type": "Feature",
   "properties": {
    "kind": "overlap-customer",
    "jobNumber": 6953,
    "client": "Jean Brannen",
    "assignedTech": "Cory Ventura",
    "techA": "Cory Ventura",
    "techB": "Robert Norton",
    "againstMajority": false
   },
   "geometry": {
    "type": "Point",
    "coordinates": [
     -122.0631506,
     47.3725444
    ]
   }
  },
  {
   "type": "Feature",
   "properties": {
    "kind": "overlap-customer",
    "jobNumber": 7010,
    "client": "Charles Lindsey",
    "assignedTech": "Cory Ventura",
    "techA": "Robert Norton",
    "techB": "Cory Ventura",
    "againstMajority": true
   },
   "geometry": {
    "type": "Point",
    "coordinates": [
     -122.1937906,
     47.3332754
    ]
   }
  },
  {
   "type": "Feature",
   "properties": {
    "kind": "overlap-customer",
    "jobNumber": 7084,
    "client": "Jameel Hyder",
    "assignedTech": "Cory Ventura",
    "techA": "Cory Ventura",
    "techB": "Robert Norton",
    "againstMajority": false
   },
   "geometry": {
    "type": "Point",
    "coordinates": [
     -122.075997,
     47.3641943
    ]
   }
  },
  {
   "type": "Feature",
   "properties": {
    "kind": "overlap-customer",
    "jobNumber": 7117,
    "client": "Tom Feldman",
    "assignedTech": "Cory Ventura",
    "techA": "Cory Ventura",
    "techB": "Tavis Alexander",
    "againstMajority": false
   },
   "geometry": {
    "type": "Point",
    "coordinates": [
     -122.0910934,
     47.44209
    ]
   }
  },
  {
   "type": "Feature",
   "properties": {
    "kind": "overlap-customer",
    "jobNumber": 7183,
    "client": "Eric Dworkis",
    "assignedTech": "Alias Franks",
    "techA": "Tavis Alexander",
    "techB": "Alias Franks",
    "againstMajority": true
   },
   "geometry": {
    "type": "Point",
    "coordinates": [
     -122.1466726,
     47.6028442
    ]
   }
  },
  {
   "type": "Feature",
   "properties": {
    "kind": "overlap-customer",
    "jobNumber": 7199,
    "client": "Glen Smith",
    "assignedTech": "Cory Ventura",
    "techA": "Cory Ventura",
    "techB": "Robert Norton",
    "againstMajority": false
   },
   "geometry": {
    "type": "Point",
    "coordinates": [
     -122.0581748,
     47.3729875
    ]
   }
  },
  {
   "type": "Feature",
   "properties": {
    "kind": "overlap-customer",
    "jobNumber": 7285,
    "client": "Andrea Estes",
    "assignedTech": "Alias Franks",
    "techA": "Alias Franks",
    "techB": "Tavis Alexander",
    "againstMajority": false
   },
   "geometry": {
    "type": "Point",
    "coordinates": [
     -122.1656469,
     47.6342974
    ]
   }
  },
  {
   "type": "Feature",
   "properties": {
    "kind": "overlap-customer",
    "jobNumber": 7352,
    "client": "Sue Eastman",
    "assignedTech": "Alias Franks",
    "techA": "Alias Franks",
    "techB": "Tavis Alexander",
    "againstMajority": false
   },
   "geometry": {
    "type": "Point",
    "coordinates": [
     -121.90912,
     47.6228592
    ]
   }
  },
  {
   "type": "Feature",
   "properties": {
    "kind": "overlap-customer",
    "jobNumber": 7358,
    "client": "Deke Turner",
    "assignedTech": "Robert Norton",
    "techA": "Robert Norton",
    "techB": "Cory Ventura",
    "againstMajority": false
   },
   "geometry": {
    "type": "Point",
    "coordinates": [
     -122.0330543,
     47.3335261
    ]
   }
  },
  {
   "type": "Feature",
   "properties": {
    "kind": "overlap-customer",
    "jobNumber": 7407,
    "client": "Steven Friedrichsen",
    "assignedTech": "Cory Ventura",
    "techA": "Cory Ventura",
    "techB": "Robert Norton",
    "againstMajority": false
   },
   "geometry": {
    "type": "Point",
    "coordinates": [
     -122.0628593,
     47.370521
    ]
   }
  },
  {
   "type": "Feature",
   "properties": {
    "kind": "overlap-customer",
    "jobNumber": 7417,
    "client": "Michael Morgan",
    "assignedTech": "Tavis Alexander",
    "techA": "Tavis Alexander",
    "techB": "Alias Franks",
    "againstMajority": false
   },
   "geometry": {
    "type": "Point",
    "coordinates": [
     -121.9920129,
     47.5879565
    ]
   }
  },
  {
   "type": "Feature",
   "properties": {
    "kind": "overlap-customer",
    "jobNumber": 7450,
    "client": "Amy Thomas",
    "assignedTech": "Cory Ventura",
    "techA": "Cory Ventura",
    "techB": "Robert Norton",
    "againstMajority": false
   },
   "geometry": {
    "type": "Point",
    "coordinates": [
     -121.9935865,
     47.35470919999999
    ]
   }
  },
  {
   "type": "Feature",
   "properties": {
    "kind": "overlap-customer",
    "jobNumber": 7457,
    "client": "Chris Sita",
    "assignedTech": "Luke LaVergne",
    "techA": "Luke LaVergne",
    "techB": "Robert Norton",
    "againstMajority": false
   },
   "geometry": {
    "type": "Point",
    "coordinates": [
     -122.2526357,
     47.0407464
    ]
   }
  },
  {
   "type": "Feature",
   "properties": {
    "kind": "overlap-customer",
    "jobNumber": 7471,
    "client": "Michelle  Bates",
    "assignedTech": "Alias Franks",
    "techA": "Alias Franks",
    "techB": "Tavis Alexander",
    "againstMajority": false
   },
   "geometry": {
    "type": "Point",
    "coordinates": [
     -122.1848401,
     47.6430027
    ]
   }
  },
  {
   "type": "Feature",
   "properties": {
    "kind": "overlap-customer",
    "jobNumber": 7475,
    "client": "Hannah  Jacobson",
    "assignedTech": "Tavis Alexander",
    "techA": "Tavis Alexander",
    "techB": "Robert Norton",
    "againstMajority": false
   },
   "geometry": {
    "type": "Point",
    "coordinates": [
     -122.3459372,
     47.4242237
    ]
   }
  },
  {
   "type": "Feature",
   "properties": {
    "kind": "overlap-customer",
    "jobNumber": 7497,
    "client": "Bess  Poehlmann",
    "assignedTech": "Cory Ventura",
    "techA": "Luke LaVergne",
    "techB": "Robert Norton",
    "againstMajority": true
   },
   "geometry": {
    "type": "Point",
    "coordinates": [
     -122.4916879,
     47.28323049999999
    ]
   }
  },
  {
   "type": "Feature",
   "properties": {
    "kind": "overlap-customer",
    "jobNumber": 7528,
    "client": "George Decker",
    "assignedTech": "Luke LaVergne",
    "techA": "Luke LaVergne",
    "techB": "Robert Norton",
    "againstMajority": false
   },
   "geometry": {
    "type": "Point",
    "coordinates": [
     -122.5133974,
     47.2466642
    ]
   }
  },
  {
   "type": "Feature",
   "properties": {
    "kind": "overlap-customer",
    "jobNumber": 7626,
    "client": "Jonelle Loranger",
    "assignedTech": "Cory Ventura",
    "techA": "Cory Ventura",
    "techB": "Tavis Alexander",
    "againstMajority": false
   },
   "geometry": {
    "type": "Point",
    "coordinates": [
     -122.0954609,
     47.3992885
    ]
   }
  },
  {
   "type": "Feature",
   "properties": {
    "kind": "overlap-customer",
    "jobNumber": 7644,
    "client": "Elizabeth Kalouner",
    "assignedTech": "Cory Ventura",
    "techA": "Cory Ventura",
    "techB": "Robert Norton",
    "againstMajority": false
   },
   "geometry": {
    "type": "Point",
    "coordinates": [
     -121.9838761,
     47.3899445
    ]
   }
  },
  {
   "type": "Feature",
   "properties": {
    "kind": "overlap-customer",
    "jobNumber": 7662,
    "client": "James Harnish",
    "assignedTech": "Cory Ventura",
    "techA": "Cory Ventura",
    "techB": "Robert Norton",
    "againstMajority": false
   },
   "geometry": {
    "type": "Point",
    "coordinates": [
     -122.1683459,
     47.3454261
    ]
   }
  },
  {
   "type": "Feature",
   "properties": {
    "kind": "overlap-customer",
    "jobNumber": 7670,
    "client": "Jessica Rakos",
    "assignedTech": "Cory Ventura",
    "techA": "Robert Norton",
    "techB": "Luke LaVergne",
    "againstMajority": true
   },
   "geometry": {
    "type": "Point",
    "coordinates": [
     -122.1911449,
     47.04426960000001
    ]
   }
  },
  {
   "type": "Feature",
   "properties": {
    "kind": "overlap-customer",
    "jobNumber": 7675,
    "client": "Charlie  Brown",
    "assignedTech": "Luke LaVergne",
    "techA": "Luke LaVergne",
    "techB": "Robert Norton",
    "againstMajority": false
   },
   "geometry": {
    "type": "Point",
    "coordinates": [
     -122.47005,
     47.2710079
    ]
   }
  },
  {
   "type": "Feature",
   "properties": {
    "kind": "overlap-customer",
    "jobNumber": 7681,
    "client": "Roy Restad",
    "assignedTech": "Tavis Alexander",
    "techA": "Tavis Alexander",
    "techB": "Robert Norton",
    "againstMajority": false
   },
   "geometry": {
    "type": "Point",
    "coordinates": [
     -122.3359701,
     47.418131
    ]
   }
  },
  {
   "type": "Feature",
   "properties": {
    "kind": "overlap-customer",
    "jobNumber": 7684,
    "client": "Dennis Higashiyama",
    "assignedTech": "Cory Ventura",
    "techA": "Cory Ventura",
    "techB": "Robert Norton",
    "againstMajority": false
   },
   "geometry": {
    "type": "Point",
    "coordinates": [
     -122.0517701,
     47.3692067
    ]
   }
  },
  {
   "type": "Feature",
   "properties": {
    "kind": "overlap-customer",
    "jobNumber": 7685,
    "client": "Mark Fisher",
    "assignedTech": "Cory Ventura",
    "techA": "Cory Ventura",
    "techB": "Robert Norton",
    "againstMajority": false
   },
   "geometry": {
    "type": "Point",
    "coordinates": [
     -122.0515264,
     47.3692475
    ]
   }
  },
  {
   "type": "Feature",
   "properties": {
    "kind": "overlap-customer",
    "jobNumber": 7689,
    "client": "James Mczynski",
    "assignedTech": "Luke LaVergne",
    "techA": "Tavis Alexander",
    "techB": "Alias Franks",
    "againstMajority": true
   },
   "geometry": {
    "type": "Point",
    "coordinates": [
     -122.6091834,
     47.5953737
    ]
   }
  },
  {
   "type": "Feature",
   "properties": {
    "kind": "overlap-customer",
    "jobNumber": 7695,
    "client": "Vicky Garcia",
    "assignedTech": "Robert Norton",
    "techA": "Cory Ventura",
    "techB": "Robert Norton",
    "againstMajority": true
   },
   "geometry": {
    "type": "Point",
    "coordinates": [
     -122.0262359,
     47.34629109999999
    ]
   }
  },
  {
   "type": "Feature",
   "properties": {
    "kind": "overlap-customer",
    "jobNumber": 7697,
    "client": "Jennifer Cramer",
    "assignedTech": "Cory Ventura",
    "techA": "Cory Ventura",
    "techB": "Robert Norton",
    "againstMajority": false
   },
   "geometry": {
    "type": "Point",
    "coordinates": [
     -122.1326156,
     47.3811318
    ]
   }
  },
  {
   "type": "Feature",
   "properties": {
    "kind": "overlap-customer",
    "jobNumber": 7725,
    "client": "Suzanne Gullace",
    "assignedTech": "Cory Ventura",
    "techA": "Luke LaVergne",
    "techB": "Robert Norton",
    "againstMajority": true
   },
   "geometry": {
    "type": "Point",
    "coordinates": [
     -122.2104322,
     47.0139764
    ]
   }
  },
  {
   "type": "Feature",
   "properties": {
    "kind": "overlap-customer",
    "jobNumber": 7735,
    "client": "Mike Coile",
    "assignedTech": "Cory Ventura",
    "techA": "Robert Norton",
    "techB": "Cory Ventura",
    "againstMajority": true
   },
   "geometry": {
    "type": "Point",
    "coordinates": [
     -121.935644,
     47.35659
    ]
   }
  },
  {
   "type": "Feature",
   "properties": {
    "kind": "overlap-customer",
    "jobNumber": 7736,
    "client": "Rita Conger",
    "assignedTech": "Cory Ventura",
    "techA": "Cory Ventura",
    "techB": "Tavis Alexander",
    "againstMajority": false
   },
   "geometry": {
    "type": "Point",
    "coordinates": [
     -122.2214403,
     47.3902102
    ]
   }
  },
  {
   "type": "Feature",
   "properties": {
    "kind": "overlap-customer",
    "jobNumber": 7738,
    "client": "Liz Hannon",
    "assignedTech": "Tavis Alexander",
    "techA": "Tavis Alexander",
    "techB": "Robert Norton",
    "againstMajority": false
   },
   "geometry": {
    "type": "Point",
    "coordinates": [
     -122.3164665,
     47.421359
    ]
   }
  },
  {
   "type": "Feature",
   "properties": {
    "kind": "overlap-customer",
    "jobNumber": 7740,
    "client": "Marnee Humphrey",
    "assignedTech": "Luke LaVergne",
    "techA": "Luke LaVergne",
    "techB": "Robert Norton",
    "againstMajority": false
   },
   "geometry": {
    "type": "Point",
    "coordinates": [
     -122.2825933,
     47.0605638
    ]
   }
  },
  {
   "type": "Feature",
   "properties": {
    "kind": "overlap-customer",
    "jobNumber": 7747,
    "client": "Leeroy Perkins",
    "assignedTech": "Luke LaVergne",
    "techA": "Robert Norton",
    "techB": "Luke LaVergne",
    "againstMajority": true
   },
   "geometry": {
    "type": "Point",
    "coordinates": [
     -122.2509237,
     47.0732557
    ]
   }
  },
  {
   "type": "Feature",
   "properties": {
    "kind": "overlap-customer",
    "jobNumber": 7753,
    "client": "Galilee Baptist Church",
    "assignedTech": "Cory Ventura",
    "techA": "Cory Ventura",
    "techB": "Tavis Alexander",
    "againstMajority": false
   },
   "geometry": {
    "type": "Point",
    "coordinates": [
     -122.1874143,
     47.4153883
    ]
   }
  },
  {
   "type": "Feature",
   "properties": {
    "kind": "overlap-customer",
    "jobNumber": 7766,
    "client": "Olivia Sandoval",
    "assignedTech": "Cory Ventura",
    "techA": "Cory Ventura",
    "techB": "Tavis Alexander",
    "againstMajority": false
   },
   "geometry": {
    "type": "Point",
    "coordinates": [
     -122.1192818,
     47.4537293
    ]
   }
  },
  {
   "type": "Feature",
   "properties": {
    "kind": "overlap-customer",
    "jobNumber": 7767,
    "client": "Jamie Randall",
    "assignedTech": "Cory Ventura",
    "techA": "Cory Ventura",
    "techB": "Tavis Alexander",
    "againstMajority": false
   },
   "geometry": {
    "type": "Point",
    "coordinates": [
     -122.0176766,
     47.4179247
    ]
   }
  },
  {
   "type": "Feature",
   "properties": {
    "kind": "overlap-customer",
    "jobNumber": 7771,
    "client": "McKenzie  Dickson",
    "assignedTech": "Cory Ventura",
    "techA": "Robert Norton",
    "techB": "Cory Ventura",
    "againstMajority": true
   },
   "geometry": {
    "type": "Point",
    "coordinates": [
     -121.9158345,
     47.3539991
    ]
   }
  },
  {
   "type": "Feature",
   "properties": {
    "kind": "overlap-customer",
    "jobNumber": 7789,
    "client": "Cruz Rodriguez",
    "assignedTech": "Cory Ventura",
    "techA": "Robert Norton",
    "techB": "Cory Ventura",
    "againstMajority": true
   },
   "geometry": {
    "type": "Point",
    "coordinates": [
     -122.2415101,
     47.371152
    ]
   }
  },
  {
   "type": "Feature",
   "properties": {
    "kind": "overlap-customer",
    "jobNumber": 7819,
    "client": "Kirsten Taylor",
    "assignedTech": "Cory Ventura",
    "techA": "Cory Ventura",
    "techB": "Robert Norton",
    "againstMajority": false
   },
   "geometry": {
    "type": "Point",
    "coordinates": [
     -122.0512479,
     47.3691995
    ]
   }
  },
  {
   "type": "Feature",
   "properties": {
    "kind": "overlap-customer",
    "jobNumber": 7834,
    "client": "Ganesh   Thirumalai",
    "assignedTech": "Alias Franks",
    "techA": "Alias Franks",
    "techB": "Tavis Alexander",
    "againstMajority": false
   },
   "geometry": {
    "type": "Point",
    "coordinates": [
     -122.1652622,
     47.6325825
    ]
   }
  },
  {
   "type": "Feature",
   "properties": {
    "kind": "overlap-customer",
    "jobNumber": 7837,
    "client": "Karen Baker",
    "assignedTech": "Cory Ventura",
    "techA": "Tavis Alexander",
    "techB": "Cory Ventura",
    "againstMajority": true
   },
   "geometry": {
    "type": "Point",
    "coordinates": [
     -122.1919492,
     47.44426259999999
    ]
   }
  },
  {
   "type": "Feature",
   "properties": {
    "kind": "overlap-customer",
    "jobNumber": 7882,
    "client": "Jennifer Gleason",
    "assignedTech": "Tavis Alexander",
    "techA": "Tavis Alexander",
    "techB": "Alias Franks",
    "againstMajority": false
   },
   "geometry": {
    "type": "Point",
    "coordinates": [
     -122.0106133,
     47.5662758
    ]
   }
  },
  {
   "type": "Feature",
   "properties": {
    "kind": "overlap-customer",
    "jobNumber": 7896,
    "client": "Collin Sidebotham",
    "assignedTech": "Cory Ventura",
    "techA": "Cory Ventura",
    "techB": "Tavis Alexander",
    "againstMajority": false
   },
   "geometry": {
    "type": "Point",
    "coordinates": [
     -121.9848607,
     47.4254049
    ]
   }
  },
  {
   "type": "Feature",
   "properties": {
    "kind": "overlap-customer",
    "jobNumber": 7903,
    "client": "Mike Doud",
    "assignedTech": "Tavis Alexander",
    "techA": "Alias Franks",
    "techB": "Tavis Alexander",
    "againstMajority": true
   },
   "geometry": {
    "type": "Point",
    "coordinates": [
     -122.3541286,
     47.6406153
    ]
   }
  },
  {
   "type": "Feature",
   "properties": {
    "kind": "overlap-customer",
    "jobNumber": 7914,
    "client": "Natalya Krahn",
    "assignedTech": "Tavis Alexander",
    "techA": "Alias Franks",
    "techB": "Tavis Alexander",
    "againstMajority": true
   },
   "geometry": {
    "type": "Point",
    "coordinates": [
     -122.1015552,
     47.5705205
    ]
   }
  },
  {
   "type": "Feature",
   "properties": {
    "kind": "overlap-customer",
    "jobNumber": 7917,
    "client": "Larry Kauzlarich",
    "assignedTech": "Cory Ventura",
    "techA": "Cory Ventura",
    "techB": "Robert Norton",
    "againstMajority": false
   },
   "geometry": {
    "type": "Point",
    "coordinates": [
     -122.1597282,
     47.3744069
    ]
   }
  },
  {
   "type": "Feature",
   "properties": {
    "kind": "overlap-customer",
    "jobNumber": 7920,
    "client": "Vickie Haupt",
    "assignedTech": "Cory Ventura",
    "techA": "Cory Ventura",
    "techB": "Tavis Alexander",
    "againstMajority": false
   },
   "geometry": {
    "type": "Point",
    "coordinates": [
     -122.1485324,
     47.42437779999999
    ]
   }
  },
  {
   "type": "Feature",
   "properties": {
    "kind": "overlap-customer",
    "jobNumber": 7941,
    "client": "Tim Lubic",
    "assignedTech": "Cory Ventura",
    "techA": "Robert Norton",
    "techB": "Luke LaVergne",
    "againstMajority": true
   },
   "geometry": {
    "type": "Point",
    "coordinates": [
     -122.3412399,
     47.2012835
    ]
   }
  },
  {
   "type": "Feature",
   "properties": {
    "kind": "overlap-customer",
    "jobNumber": 7949,
    "client": "Jim Tewillliager",
    "assignedTech": "Robert Norton",
    "techA": "Robert Norton",
    "techB": "Luke LaVergne",
    "againstMajority": false
   },
   "geometry": {
    "type": "Point",
    "coordinates": [
     -122.2580139,
     47.0864837
    ]
   }
  },
  {
   "type": "Feature",
   "properties": {
    "kind": "overlap-customer",
    "jobNumber": 7961,
    "client": "Kelly Kunz",
    "assignedTech": "Cory Ventura",
    "techA": "Cory Ventura",
    "techB": "Tavis Alexander",
    "againstMajority": false
   },
   "geometry": {
    "type": "Point",
    "coordinates": [
     -122.1588213,
     47.4271164
    ]
   }
  },
  {
   "type": "Feature",
   "properties": {
    "kind": "overlap-customer",
    "jobNumber": 7962,
    "client": "Joann Mortenson",
    "assignedTech": "Cory Ventura",
    "techA": "Cory Ventura",
    "techB": "Robert Norton",
    "againstMajority": false
   },
   "geometry": {
    "type": "Point",
    "coordinates": [
     -122.1318909,
     47.3399066
    ]
   }
  },
  {
   "type": "Feature",
   "properties": {
    "kind": "overlap-customer",
    "jobNumber": 7970,
    "client": "Darren McAllen",
    "assignedTech": "Robert Norton",
    "techA": "Cory Ventura",
    "techB": "Robert Norton",
    "againstMajority": true
   },
   "geometry": {
    "type": "Point",
    "coordinates": [
     -122.0279221,
     47.3398339
    ]
   }
  },
  {
   "type": "Feature",
   "properties": {
    "kind": "overlap-customer",
    "jobNumber": 7971,
    "client": "David Marsh",
    "assignedTech": "Cory Ventura",
    "techA": "Cory Ventura",
    "techB": "Tavis Alexander",
    "againstMajority": false
   },
   "geometry": {
    "type": "Point",
    "coordinates": [
     -122.1529451,
     47.4211019
    ]
   }
  },
  {
   "type": "Feature",
   "properties": {
    "kind": "overlap-customer",
    "jobNumber": 8046,
    "client": "Daniel Bay",
    "assignedTech": "Alias Franks",
    "techA": "Alias Franks",
    "techB": "Tavis Alexander",
    "againstMajority": false
   },
   "geometry": {
    "type": "Point",
    "coordinates": [
     -122.0132448,
     47.5921031
    ]
   }
  },
  {
   "type": "Feature",
   "properties": {
    "kind": "overlap-customer",
    "jobNumber": 8072,
    "client": "Prologis",
    "assignedTech": "Cory Ventura",
    "techA": "Cory Ventura",
    "techB": "Tavis Alexander",
    "againstMajority": false
   },
   "geometry": {
    "type": "Point",
    "coordinates": [
     -122.2226558,
     47.412519
    ]
   }
  },
  {
   "type": "Feature",
   "properties": {
    "kind": "overlap-customer",
    "jobNumber": 8091,
    "client": "Ron Cronkhite",
    "assignedTech": "Luke LaVergne",
    "techA": "Luke LaVergne",
    "techB": "Robert Norton",
    "againstMajority": false
   },
   "geometry": {
    "type": "Point",
    "coordinates": [
     -122.387062,
     47.207182
    ]
   }
  },
  {
   "type": "Feature",
   "properties": {
    "kind": "overlap-customer",
    "jobNumber": 8094,
    "client": "Kristin Cruse",
    "assignedTech": "Robert Norton",
    "techA": "Robert Norton",
    "techB": "Cory Ventura",
    "againstMajority": false
   },
   "geometry": {
    "type": "Point",
    "coordinates": [
     -122.2458779,
     47.3816023
    ]
   }
  },
  {
   "type": "Feature",
   "properties": {
    "kind": "overlap-customer",
    "jobNumber": 8116,
    "client": "Tim Banning",
    "assignedTech": "Tavis Alexander",
    "techA": "Tavis Alexander",
    "techB": "Robert Norton",
    "againstMajority": false
   },
   "geometry": {
    "type": "Point",
    "coordinates": [
     -122.3148397,
     47.4168475
    ]
   }
  },
  {
   "type": "Feature",
   "properties": {
    "kind": "overlap-customer",
    "jobNumber": 8120,
    "client": "Huong Le",
    "assignedTech": "Alias Franks",
    "techA": "Alias Franks",
    "techB": "Tavis Alexander",
    "againstMajority": false
   },
   "geometry": {
    "type": "Point",
    "coordinates": [
     -122.3849589,
     47.6498984
    ]
   }
  },
  {
   "type": "Feature",
   "properties": {
    "kind": "overlap-customer",
    "jobNumber": 8122,
    "client": "Bob Roggenbach",
    "assignedTech": "Cory Ventura",
    "techA": "Cory Ventura",
    "techB": "Tavis Alexander",
    "againstMajority": false
   },
   "geometry": {
    "type": "Point",
    "coordinates": [
     -122.1471775,
     47.4115762
    ]
   }
  },
  {
   "type": "Feature",
   "properties": {
    "kind": "overlap-customer",
    "jobNumber": 8134,
    "client": "Riena Terada",
    "assignedTech": "Tavis Alexander",
    "techA": "Tavis Alexander",
    "techB": "Robert Norton",
    "againstMajority": false
   },
   "geometry": {
    "type": "Point",
    "coordinates": [
     -122.2699528,
     47.3936919
    ]
   }
  },
  {
   "type": "Feature",
   "properties": {
    "kind": "overlap-customer",
    "jobNumber": 8152,
    "client": "Stella Sun",
    "assignedTech": "Alias Franks",
    "techA": "Alias Franks",
    "techB": "Tavis Alexander",
    "againstMajority": false
   },
   "geometry": {
    "type": "Point",
    "coordinates": [
     -122.2350043,
     47.6303576
    ]
   }
  },
  {
   "type": "Feature",
   "properties": {
    "kind": "overlap-customer",
    "jobNumber": 8153,
    "client": "Mike Sherman",
    "assignedTech": "Cory Ventura",
    "techA": "Cory Ventura",
    "techB": "Robert Norton",
    "againstMajority": false
   },
   "geometry": {
    "type": "Point",
    "coordinates": [
     -122.2223086,
     47.3737426
    ]
   }
  },
  {
   "type": "Feature",
   "properties": {
    "kind": "overlap-customer",
    "jobNumber": 8155,
    "client": "Bac Walker",
    "assignedTech": "Cory Ventura",
    "techA": "Robert Norton",
    "techB": "Tavis Alexander",
    "againstMajority": true
   },
   "geometry": {
    "type": "Point",
    "coordinates": [
     -122.2717801,
     47.3714504
    ]
   }
  },
  {
   "type": "Feature",
   "properties": {
    "kind": "overlap-customer",
    "jobNumber": 8163,
    "client": "Ryan Jaffe",
    "assignedTech": "Tavis Alexander",
    "techA": "Tavis Alexander",
    "techB": "Robert Norton",
    "againstMajority": false
   },
   "geometry": {
    "type": "Point",
    "coordinates": [
     -122.3457824,
     47.4232546
    ]
   }
  },
  {
   "type": "Feature",
   "properties": {
    "kind": "overlap-customer",
    "jobNumber": 8169,
    "client": "Donna Jensen",
    "assignedTech": "Tavis Alexander",
    "techA": "Tavis Alexander",
    "techB": "Alias Franks",
    "againstMajority": false
   },
   "geometry": {
    "type": "Point",
    "coordinates": [
     -122.1189799,
     47.5754078
    ]
   }
  },
  {
   "type": "Feature",
   "properties": {
    "kind": "overlap-customer",
    "jobNumber": 8173,
    "client": "Louis Chirillo",
    "assignedTech": "Cory Ventura",
    "techA": "Cory Ventura",
    "techB": "Robert Norton",
    "againstMajority": false
   },
   "geometry": {
    "type": "Point",
    "coordinates": [
     -122.0875679,
     47.369032
    ]
   }
  },
  {
   "type": "Feature",
   "properties": {
    "kind": "overlap-customer",
    "jobNumber": 8185,
    "client": "Virgil Holman",
    "assignedTech": "Robert Norton",
    "techA": "Robert Norton",
    "techB": "Cory Ventura",
    "againstMajority": false
   },
   "geometry": {
    "type": "Point",
    "coordinates": [
     -122.0887558,
     47.3234818
    ]
   }
  },
  {
   "type": "Feature",
   "properties": {
    "kind": "overlap-customer",
    "jobNumber": 8186,
    "client": "Sarah Arnold",
    "assignedTech": "Cory Ventura",
    "techA": "Robert Norton",
    "techB": "Luke LaVergne",
    "againstMajority": true
   },
   "geometry": {
    "type": "Point",
    "coordinates": [
     -122.3057331,
     47.1674851
    ]
   }
  },
  {
   "type": "Feature",
   "properties": {
    "kind": "overlap-customer",
    "jobNumber": 8196,
    "client": "Lisa Politeo",
    "assignedTech": "Luke LaVergne",
    "techA": "Luke LaVergne",
    "techB": "Robert Norton",
    "againstMajority": false
   },
   "geometry": {
    "type": "Point",
    "coordinates": [
     -122.4875506,
     47.2832101
    ]
   }
  },
  {
   "type": "Feature",
   "properties": {
    "kind": "overlap-customer",
    "jobNumber": 8197,
    "client": "Erin Irvine",
    "assignedTech": "Luke LaVergne",
    "techA": "Luke LaVergne",
    "techB": "Robert Norton",
    "againstMajority": false
   },
   "geometry": {
    "type": "Point",
    "coordinates": [
     -122.4754289,
     47.25881099999999
    ]
   }
  },
  {
   "type": "Feature",
   "properties": {
    "kind": "overlap-customer",
    "jobNumber": 8202,
    "client": "Amy  Collins",
    "assignedTech": "Cory Ventura",
    "techA": "Cory Ventura",
    "techB": "Tavis Alexander",
    "againstMajority": false
   },
   "geometry": {
    "type": "Point",
    "coordinates": [
     -122.2165256,
     47.4092693
    ]
   }
  },
  {
   "type": "Feature",
   "properties": {
    "kind": "overlap-customer",
    "jobNumber": 8237,
    "client": "Effie Weaver",
    "assignedTech": "Cory Ventura",
    "techA": "Luke LaVergne",
    "techB": "Robert Norton",
    "againstMajority": true
   },
   "geometry": {
    "type": "Point",
    "coordinates": [
     -122.4769106,
     47.2778667
    ]
   }
  },
  {
   "type": "Feature",
   "properties": {
    "kind": "overlap-customer",
    "jobNumber": 8243,
    "client": "Jody Sanders",
    "assignedTech": "Cory Ventura",
    "techA": "Cory Ventura",
    "techB": "Robert Norton",
    "againstMajority": false
   },
   "geometry": {
    "type": "Point",
    "coordinates": [
     -122.0580516,
     47.3503553
    ]
   }
  },
  {
   "type": "Feature",
   "properties": {
    "kind": "overlap-customer",
    "jobNumber": 8254,
    "client": "Kristin Cruse",
    "assignedTech": "Tavis Alexander",
    "techA": "Tavis Alexander",
    "techB": "Alias Franks",
    "againstMajority": false
   },
   "geometry": {
    "type": "Point",
    "coordinates": [
     -122.0320805,
     47.5302665
    ]
   }
  },
  {
   "type": "Feature",
   "properties": {
    "kind": "overlap-customer",
    "jobNumber": 8258,
    "client": "Ken Larson",
    "assignedTech": "Tavis Alexander",
    "techA": "Tavis Alexander",
    "techB": "Alias Franks",
    "againstMajority": false
   },
   "geometry": {
    "type": "Point",
    "coordinates": [
     -121.946263,
     47.610027
    ]
   }
  },
  {
   "type": "Feature",
   "properties": {
    "kind": "overlap-customer",
    "jobNumber": 8263,
    "client": "Terry Tuttle",
    "assignedTech": "Cory Ventura",
    "techA": "Tavis Alexander",
    "techB": "Alias Franks",
    "againstMajority": true
   },
   "geometry": {
    "type": "Point",
    "coordinates": [
     -122.0122337,
     47.5767582
    ]
   }
  },
  {
   "type": "Feature",
   "properties": {
    "kind": "overlap-customer",
    "jobNumber": 8275,
    "client": "Damien Romanik",
    "assignedTech": "Tavis Alexander",
    "techA": "Tavis Alexander",
    "techB": "Alias Franks",
    "againstMajority": false
   },
   "geometry": {
    "type": "Point",
    "coordinates": [
     -122.0344159,
     47.55785650000001
    ]
   }
  },
  {
   "type": "Feature",
   "properties": {
    "kind": "overlap-customer",
    "jobNumber": 8277,
    "client": "Jon Gomes",
    "assignedTech": "Luke LaVergne",
    "techA": "Luke LaVergne",
    "techB": "Robert Norton",
    "againstMajority": false
   },
   "geometry": {
    "type": "Point",
    "coordinates": [
     -122.4925144,
     47.2788816
    ]
   }
  },
  {
   "type": "Feature",
   "properties": {
    "kind": "overlap-customer",
    "jobNumber": 8278,
    "client": "Jessica Saab",
    "assignedTech": "Tavis Alexander",
    "techA": "Alias Franks",
    "techB": "Tavis Alexander",
    "againstMajority": true
   },
   "geometry": {
    "type": "Point",
    "coordinates": [
     -122.4080128,
     47.6444978
    ]
   }
  },
  {
   "type": "Feature",
   "properties": {
    "kind": "overlap-customer",
    "jobNumber": 8281,
    "client": "James Paxton",
    "assignedTech": "Alias Franks",
    "techA": "Alias Franks",
    "techB": "Tavis Alexander",
    "againstMajority": false
   },
   "geometry": {
    "type": "Point",
    "coordinates": [
     -122.2093457,
     47.63588319999999
    ]
   }
  },
  {
   "type": "Feature",
   "properties": {
    "kind": "overlap-customer",
    "jobNumber": 8288,
    "client": "Stan Adams",
    "assignedTech": "Tavis Alexander",
    "techA": "Tavis Alexander",
    "techB": "Alias Franks",
    "againstMajority": false
   },
   "geometry": {
    "type": "Point",
    "coordinates": [
     -121.986497,
     47.5801538
    ]
   }
  },
  {
   "type": "Feature",
   "properties": {
    "kind": "overlap-customer",
    "jobNumber": 8291,
    "client": "John & Jasmine Foth",
    "assignedTech": "Cory Ventura",
    "techA": "Cory Ventura",
    "techB": "Robert Norton",
    "againstMajority": false
   },
   "geometry": {
    "type": "Point",
    "coordinates": [
     -122.0572931,
     47.3389591
    ]
   }
  },
  {
   "type": "Feature",
   "properties": {
    "kind": "overlap-customer",
    "jobNumber": 8300,
    "client": "Rick Little",
    "assignedTech": "Luke LaVergne",
    "techA": "Luke LaVergne",
    "techB": "Robert Norton",
    "againstMajority": false
   },
   "geometry": {
    "type": "Point",
    "coordinates": [
     -122.5177894,
     47.2307629
    ]
   }
  },
  {
   "type": "Feature",
   "properties": {
    "kind": "overlap-customer",
    "jobNumber": 8301,
    "client": "Lan Kulapaditharom",
    "assignedTech": "Tavis Alexander",
    "techA": "Tavis Alexander",
    "techB": "Robert Norton",
    "againstMajority": false
   },
   "geometry": {
    "type": "Point",
    "coordinates": [
     -122.3314595,
     47.4384611
    ]
   }
  },
  {
   "type": "Feature",
   "properties": {
    "kind": "overlap-customer",
    "jobNumber": 8304,
    "client": "Chris Poppy",
    "assignedTech": "Tavis Alexander",
    "techA": "Alias Franks",
    "techB": "Tavis Alexander",
    "againstMajority": true
   },
   "geometry": {
    "type": "Point",
    "coordinates": [
     -122.2857679,
     47.6132128
    ]
   }
  },
  {
   "type": "Feature",
   "properties": {
    "kind": "overlap-customer",
    "jobNumber": 8305,
    "client": "Douglas  Kelly",
    "assignedTech": "Tavis Alexander",
    "techA": "Robert Norton",
    "techB": "Tavis Alexander",
    "againstMajority": true
   },
   "geometry": {
    "type": "Point",
    "coordinates": [
     -122.3055686,
     47.3959841
    ]
   }
  },
  {
   "type": "Feature",
   "properties": {
    "kind": "overlap-customer",
    "jobNumber": 8308,
    "client": "Annemarie Jesse",
    "assignedTech": "Luke LaVergne",
    "techA": "Luke LaVergne",
    "techB": "Robert Norton",
    "againstMajority": false
   },
   "geometry": {
    "type": "Point",
    "coordinates": [
     -122.4773995,
     47.2779517
    ]
   }
  },
  {
   "type": "Feature",
   "properties": {
    "kind": "overlap-customer",
    "jobNumber": 8310,
    "client": "Danielle Goodgion",
    "assignedTech": "Cory Ventura",
    "techA": "Cory Ventura",
    "techB": "Robert Norton",
    "againstMajority": false
   },
   "geometry": {
    "type": "Point",
    "coordinates": [
     -122.0315147,
     47.3743555
    ]
   }
  },
  {
   "type": "Feature",
   "properties": {
    "kind": "overlap-customer",
    "jobNumber": 8313,
    "client": "Nik bhogal",
    "assignedTech": "Alias Franks",
    "techA": "Alias Franks",
    "techB": "Tavis Alexander",
    "againstMajority": false
   },
   "geometry": {
    "type": "Point",
    "coordinates": [
     -122.2114669,
     47.6331405
    ]
   }
  },
  {
   "type": "Feature",
   "properties": {
    "kind": "overlap-customer",
    "jobNumber": 8316,
    "client": "Mark Anderson",
    "assignedTech": "Robert Norton",
    "techA": "Cory Ventura",
    "techB": "Robert Norton",
    "againstMajority": true
   },
   "geometry": {
    "type": "Point",
    "coordinates": [
     -122.0741365,
     47.336503
    ]
   }
  },
  {
   "type": "Feature",
   "properties": {
    "kind": "overlap-customer",
    "jobNumber": 8318,
    "client": "Dave Sinner",
    "assignedTech": "Cory Ventura",
    "techA": "Robert Norton",
    "techB": "Luke LaVergne",
    "againstMajority": true
   },
   "geometry": {
    "type": "Point",
    "coordinates": [
     -122.2486595,
     47.066766
    ]
   }
  },
  {
   "type": "Feature",
   "properties": {
    "kind": "overlap-customer",
    "jobNumber": 8319,
    "client": "Jill Robinson",
    "assignedTech": "Luke LaVergne",
    "techA": "Robert Norton",
    "techB": "Luke LaVergne",
    "againstMajority": true
   },
   "geometry": {
    "type": "Point",
    "coordinates": [
     -122.4626497,
     47.2650156
    ]
   }
  },
  {
   "type": "Feature",
   "properties": {
    "kind": "overlap-customer",
    "jobNumber": 8322,
    "client": "Doris Osada",
    "assignedTech": "Luke LaVergne",
    "techA": "Luke LaVergne",
    "techB": "Robert Norton",
    "againstMajority": false
   },
   "geometry": {
    "type": "Point",
    "coordinates": [
     -122.4144334,
     47.2237584
    ]
   }
  },
  {
   "type": "Feature",
   "properties": {
    "kind": "overlap-customer",
    "jobNumber": 8329,
    "client": "J.C Brummond",
    "assignedTech": "Cory Ventura",
    "techA": "Robert Norton",
    "techB": "Tavis Alexander",
    "againstMajority": true
   },
   "geometry": {
    "type": "Point",
    "coordinates": [
     -122.3232385,
     47.3678341
    ]
   }
  },
  {
   "type": "Feature",
   "properties": {
    "kind": "overlap-customer",
    "jobNumber": 8330,
    "client": "Dick Keiser",
    "assignedTech": "Luke LaVergne",
    "techA": "Tavis Alexander",
    "techB": "Alias Franks",
    "againstMajority": true
   },
   "geometry": {
    "type": "Point",
    "coordinates": [
     -122.6217255,
     47.5931582
    ]
   }
  },
  {
   "type": "Feature",
   "properties": {
    "kind": "overlap-customer",
    "jobNumber": 8335,
    "client": "Alicia Hoare",
    "assignedTech": "Alias Franks",
    "techA": "Tavis Alexander",
    "techB": "Alias Franks",
    "againstMajority": true
   },
   "geometry": {
    "type": "Point",
    "coordinates": [
     -122.1654096,
     47.6102047
    ]
   }
  },
  {
   "type": "Feature",
   "properties": {
    "kind": "overlap-customer",
    "jobNumber": 8336,
    "client": "Dale Hoff",
    "assignedTech": "Luke LaVergne",
    "techA": "Luke LaVergne",
    "techB": "Robert Norton",
    "againstMajority": false
   },
   "geometry": {
    "type": "Point",
    "coordinates": [
     -122.4812939,
     47.2792812
    ]
   }
  },
  {
   "type": "Feature",
   "properties": {
    "kind": "overlap-customer",
    "jobNumber": 8337,
    "client": "Kristin Cruse",
    "assignedTech": "Cory Ventura",
    "techA": "Robert Norton",
    "techB": "Cory Ventura",
    "againstMajority": true
   },
   "geometry": {
    "type": "Point",
    "coordinates": [
     -122.2458779,
     47.3816023
    ]
   }
  },
  {
   "type": "Feature",
   "properties": {
    "kind": "overlap-customer",
    "jobNumber": 8349,
    "client": "Matt Vega",
    "assignedTech": "Cory Ventura",
    "techA": "Cory Ventura",
    "techB": "Tavis Alexander",
    "againstMajority": false
   },
   "geometry": {
    "type": "Point",
    "coordinates": [
     -122.1189823,
     47.3920019
    ]
   }
  },
  {
   "type": "Feature",
   "properties": {
    "kind": "overlap-customer",
    "jobNumber": 8365,
    "client": "Relic Rodrigues",
    "assignedTech": "Luke LaVergne",
    "techA": "Tavis Alexander",
    "techB": "Luke LaVergne",
    "againstMajority": true
   },
   "geometry": {
    "type": "Point",
    "coordinates": [
     -122.5024087,
     47.5101084
    ]
   }
  },
  {
   "type": "Feature",
   "properties": {
    "kind": "overlap-customer",
    "jobNumber": 8383,
    "client": "Chris Breiland",
    "assignedTech": "Tavis Alexander",
    "techA": "Tavis Alexander",
    "techB": "Alias Franks",
    "againstMajority": false
   },
   "geometry": {
    "type": "Point",
    "coordinates": [
     -122.1950796,
     47.605473
    ]
   }
  },
  {
   "type": "Feature",
   "properties": {
    "kind": "overlap-customer",
    "jobNumber": 8389,
    "client": "Mike Dosch",
    "assignedTech": "Cory Ventura",
    "techA": "Tavis Alexander",
    "techB": "Cory Ventura",
    "againstMajority": true
   },
   "geometry": {
    "type": "Point",
    "coordinates": [
     -122.1206455,
     47.469115
    ]
   }
  },
  {
   "type": "Feature",
   "properties": {
    "kind": "overlap-customer",
    "jobNumber": 8397,
    "client": "Point Nautica",
    "assignedTech": "Tavis Alexander",
    "techA": "Tavis Alexander",
    "techB": "Alias Franks",
    "againstMajority": false
   },
   "geometry": {
    "type": "Point",
    "coordinates": [
     -122.3849479,
     47.59468270000001
    ]
   }
  },
  {
   "type": "Feature",
   "properties": {
    "kind": "overlap-customer",
    "jobNumber": 8403,
    "client": "Susan Eibey",
    "assignedTech": "Cory Ventura",
    "techA": "Cory Ventura",
    "techB": "Robert Norton",
    "againstMajority": false
   },
   "geometry": {
    "type": "Point",
    "coordinates": [
     -122.0949197,
     47.3671783
    ]
   }
  },
  {
   "type": "Feature",
   "properties": {
    "kind": "overlap-customer",
    "jobNumber": 8420,
    "client": "Alessandra Berns",
    "assignedTech": "Tavis Alexander",
    "techA": "Alias Franks",
    "techB": "Tavis Alexander",
    "againstMajority": true
   },
   "geometry": {
    "type": "Point",
    "coordinates": [
     -122.0774037,
     47.555487
    ]
   }
  },
  {
   "type": "Feature",
   "properties": {
    "kind": "overlap-customer",
    "jobNumber": 8421,
    "client": "Erik Severson",
    "assignedTech": "Alias Franks",
    "techA": "Alias Franks",
    "techB": "Tavis Alexander",
    "againstMajority": false
   },
   "geometry": {
    "type": "Point",
    "coordinates": [
     -122.3697716,
     47.64237929999999
    ]
   }
  },
  {
   "type": "Feature",
   "properties": {
    "kind": "overlap-customer",
    "jobNumber": 8422,
    "client": "Mauricio Silva",
    "assignedTech": "Cory Ventura",
    "techA": "Cory Ventura",
    "techB": "Tavis Alexander",
    "againstMajority": false
   },
   "geometry": {
    "type": "Point",
    "coordinates": [
     -122.1215683,
     47.4484831
    ]
   }
  },
  {
   "type": "Feature",
   "properties": {
    "kind": "overlap-customer",
    "jobNumber": 8425,
    "client": "Michael Sexton",
    "assignedTech": "Cory Ventura",
    "techA": "Tavis Alexander",
    "techB": "Cory Ventura",
    "againstMajority": true
   },
   "geometry": {
    "type": "Point",
    "coordinates": [
     -122.0020997,
     47.4618146
    ]
   }
  },
  {
   "type": "Feature",
   "properties": {
    "kind": "overlap-customer",
    "jobNumber": 8427,
    "client": "Jason  Gates",
    "assignedTech": "Cory Ventura",
    "techA": "Cory Ventura",
    "techB": "Robert Norton",
    "againstMajority": false
   },
   "geometry": {
    "type": "Point",
    "coordinates": [
     -122.0249402,
     47.3812436
    ]
   }
  },
  {
   "type": "Feature",
   "properties": {
    "kind": "overlap-customer",
    "jobNumber": 8432,
    "client": "Stacey Boydell",
    "assignedTech": "Luke LaVergne",
    "techA": "Robert Norton",
    "techB": "Luke LaVergne",
    "againstMajority": true
   },
   "geometry": {
    "type": "Point",
    "coordinates": [
     -122.2448017,
     47.07474999999999
    ]
   }
  },
  {
   "type": "Feature",
   "properties": {
    "kind": "overlap-customer",
    "jobNumber": 8439,
    "client": "Mike Laidley",
    "assignedTech": "Cory Ventura",
    "techA": "Robert Norton",
    "techB": "Cory Ventura",
    "againstMajority": true
   },
   "geometry": {
    "type": "Point",
    "coordinates": [
     -122.1951055,
     47.3404789
    ]
   }
  },
  {
   "type": "Feature",
   "properties": {
    "kind": "overlap-customer",
    "jobNumber": 8442,
    "client": "Michele Rustvold",
    "assignedTech": "Cory Ventura",
    "techA": "Cory Ventura",
    "techB": "Tavis Alexander",
    "againstMajority": false
   },
   "geometry": {
    "type": "Point",
    "coordinates": [
     -122.1821069,
     47.4325706
    ]
   }
  },
  {
   "type": "Feature",
   "properties": {
    "kind": "overlap-customer",
    "jobNumber": 8444,
    "client": "Annette Bunker",
    "assignedTech": "Luke LaVergne",
    "techA": "Luke LaVergne",
    "techB": "Robert Norton",
    "againstMajority": false
   },
   "geometry": {
    "type": "Point",
    "coordinates": [
     -122.5043279,
     47.2469652
    ]
   }
  },
  {
   "type": "Feature",
   "properties": {
    "kind": "overlap-customer",
    "jobNumber": 8451,
    "client": "Holy Chea",
    "assignedTech": "Cory Ventura",
    "techA": "Cory Ventura",
    "techB": "Tavis Alexander",
    "againstMajority": false
   },
   "geometry": {
    "type": "Point",
    "coordinates": [
     -122.2124955,
     47.3907254
    ]
   }
  },
  {
   "type": "Feature",
   "properties": {
    "kind": "overlap-customer",
    "jobNumber": 8453,
    "client": "Polly Prince",
    "assignedTech": "Cory Ventura",
    "techA": "Cory Ventura",
    "techB": "Tavis Alexander",
    "againstMajority": false
   },
   "geometry": {
    "type": "Point",
    "coordinates": [
     -122.1912882,
     47.4358158
    ]
   }
  },
  {
   "type": "Feature",
   "properties": {
    "kind": "overlap-customer",
    "jobNumber": 8459,
    "client": "Melody Deisher",
    "assignedTech": "Cory Ventura",
    "techA": "Cory Ventura",
    "techB": "Tavis Alexander",
    "againstMajority": false
   },
   "geometry": {
    "type": "Point",
    "coordinates": [
     -122.1530076,
     47.4340609
    ]
   }
  },
  {
   "type": "Feature",
   "properties": {
    "kind": "overlap-customer",
    "jobNumber": 8475,
    "client": "Constance Pivonka",
    "assignedTech": "Cory Ventura",
    "techA": "Cory Ventura",
    "techB": "Tavis Alexander",
    "againstMajority": false
   },
   "geometry": {
    "type": "Point",
    "coordinates": [
     -122.2190348,
     47.3875991
    ]
   }
  },
  {
   "type": "Feature",
   "properties": {
    "kind": "overlap-customer",
    "jobNumber": 8478,
    "client": "Jeffrey Kenyon",
    "assignedTech": "Cory Ventura",
    "techA": "Cory Ventura",
    "techB": "Tavis Alexander",
    "againstMajority": false
   },
   "geometry": {
    "type": "Point",
    "coordinates": [
     -122.1244219,
     47.45436
    ]
   }
  },
  {
   "type": "Feature",
   "properties": {
    "kind": "overlap-customer",
    "jobNumber": 8480,
    "client": "Munene Peter",
    "assignedTech": "Cory Ventura",
    "techA": "Cory Ventura",
    "techB": "Tavis Alexander",
    "againstMajority": false
   },
   "geometry": {
    "type": "Point",
    "coordinates": [
     -122.1851931,
     47.4133843
    ]
   }
  },
  {
   "type": "Feature",
   "properties": {
    "kind": "overlap-customer",
    "jobNumber": 8484,
    "client": "Mary Leischow",
    "assignedTech": "Cory Ventura",
    "techA": "Cory Ventura",
    "techB": "Robert Norton",
    "againstMajority": false
   },
   "geometry": {
    "type": "Point",
    "coordinates": [
     -122.0237797,
     47.38097639999999
    ]
   }
  },
  {
   "type": "Feature",
   "properties": {
    "kind": "overlap-customer",
    "jobNumber": 8485,
    "client": "Kailey L Lacy",
    "assignedTech": "Alias Franks",
    "techA": "Alias Franks",
    "techB": "Tavis Alexander",
    "againstMajority": false
   },
   "geometry": {
    "type": "Point",
    "coordinates": [
     -122.3612292,
     47.6382157
    ]
   }
  },
  {
   "type": "Feature",
   "properties": {
    "kind": "overlap-customer",
    "jobNumber": 8490,
    "client": "Donald Ward",
    "assignedTech": "Cory Ventura",
    "techA": "Robert Norton",
    "techB": "Luke LaVergne",
    "againstMajority": true
   },
   "geometry": {
    "type": "Point",
    "coordinates": [
     -122.188315,
     47.0392455
    ]
   }
  },
  {
   "type": "Feature",
   "properties": {
    "kind": "overlap-customer",
    "jobNumber": 8495,
    "client": "Jody Sanders",
    "assignedTech": "Cory Ventura",
    "techA": "Cory Ventura",
    "techB": "Robert Norton",
    "againstMajority": false
   },
   "geometry": {
    "type": "Point",
    "coordinates": [
     -122.0580516,
     47.3503553
    ]
   }
  },
  {
   "type": "Feature",
   "properties": {
    "kind": "overlap-customer",
    "jobNumber": 8501,
    "client": "Pia Matsuno",
    "assignedTech": "Tavis Alexander",
    "techA": "Tavis Alexander",
    "techB": "Alias Franks",
    "againstMajority": false
   },
   "geometry": {
    "type": "Point",
    "coordinates": [
     -122.2262667,
     47.6292228
    ]
   }
  },
  {
   "type": "Feature",
   "properties": {
    "kind": "overlap-customer",
    "jobNumber": 8510,
    "client": "Sara Wade",
    "assignedTech": "Tavis Alexander",
    "techA": "Tavis Alexander",
    "techB": "Robert Norton",
    "againstMajority": false
   },
   "geometry": {
    "type": "Point",
    "coordinates": [
     -122.3401077,
     47.4323823
    ]
   }
  },
  {
   "type": "Feature",
   "properties": {
    "kind": "overlap-customer",
    "jobNumber": 8519,
    "client": "Brad Hickel",
    "assignedTech": "Cory Ventura",
    "techA": "Cory Ventura",
    "techB": "Tavis Alexander",
    "againstMajority": false
   },
   "geometry": {
    "type": "Point",
    "coordinates": [
     -121.9542814,
     47.4072971
    ]
   }
  },
  {
   "type": "Feature",
   "properties": {
    "kind": "overlap-customer",
    "jobNumber": 8520,
    "client": "Richard Depencier",
    "assignedTech": "Tavis Alexander",
    "techA": "Tavis Alexander",
    "techB": "Alias Franks",
    "againstMajority": false
   },
   "geometry": {
    "type": "Point",
    "coordinates": [
     -121.9936738,
     47.57663729999999
    ]
   }
  },
  {
   "type": "Feature",
   "properties": {
    "kind": "overlap-customer",
    "jobNumber": 8522,
    "client": "Gourav Saha",
    "assignedTech": "Cory Ventura",
    "techA": "Cory Ventura",
    "techB": "Tavis Alexander",
    "againstMajority": false
   },
   "geometry": {
    "type": "Point",
    "coordinates": [
     -122.1643436,
     47.4341642
    ]
   }
  },
  {
   "type": "Feature",
   "properties": {
    "kind": "overlap-customer",
    "jobNumber": 8530,
    "client": "Phyllis Miller",
    "assignedTech": "Cory Ventura",
    "techA": "Cory Ventura",
    "techB": "Tavis Alexander",
    "againstMajority": false
   },
   "geometry": {
    "type": "Point",
    "coordinates": [
     -122.1016052,
     47.4356108
    ]
   }
  },
  {
   "type": "Feature",
   "properties": {
    "kind": "overlap-customer",
    "jobNumber": 8531,
    "client": "Lewis Henry",
    "assignedTech": "Cory Ventura",
    "techA": "Cory Ventura",
    "techB": "Tavis Alexander",
    "againstMajority": false
   },
   "geometry": {
    "type": "Point",
    "coordinates": [
     -121.9944204,
     47.41587879999999
    ]
   }
  },
  {
   "type": "Feature",
   "properties": {
    "kind": "overlap-customer",
    "jobNumber": 8542,
    "client": "Geoff Bentley",
    "assignedTech": "Luke LaVergne",
    "techA": "Luke LaVergne",
    "techB": "Robert Norton",
    "againstMajority": false
   },
   "geometry": {
    "type": "Point",
    "coordinates": [
     -122.4683673,
     47.2726225
    ]
   }
  },
  {
   "type": "Feature",
   "properties": {
    "kind": "overlap-customer",
    "jobNumber": 8543,
    "client": "Yuji Xie",
    "assignedTech": "Tavis Alexander",
    "techA": "Tavis Alexander",
    "techB": "Alias Franks",
    "againstMajority": false
   },
   "geometry": {
    "type": "Point",
    "coordinates": [
     -121.9876079,
     47.5844568
    ]
   }
  },
  {
   "type": "Feature",
   "properties": {
    "kind": "overlap-customer",
    "jobNumber": 8545,
    "client": "Doris Osada",
    "assignedTech": "Luke LaVergne",
    "techA": "Luke LaVergne",
    "techB": "Robert Norton",
    "againstMajority": false
   },
   "geometry": {
    "type": "Point",
    "coordinates": [
     -122.4144334,
     47.2237584
    ]
   }
  },
  {
   "type": "Feature",
   "properties": {
    "kind": "overlap-customer",
    "jobNumber": 8546,
    "client": "James Paxton",
    "assignedTech": "Alias Franks",
    "techA": "Alias Franks",
    "techB": "Tavis Alexander",
    "againstMajority": false
   },
   "geometry": {
    "type": "Point",
    "coordinates": [
     -122.2093457,
     47.63588319999999
    ]
   }
  },
  {
   "type": "Feature",
   "properties": {
    "kind": "overlap-customer",
    "jobNumber": 8550,
    "client": "Stella Sun",
    "assignedTech": "Alias Franks",
    "techA": "Alias Franks",
    "techB": "Tavis Alexander",
    "againstMajority": false
   },
   "geometry": {
    "type": "Point",
    "coordinates": [
     -122.2350043,
     47.6303576
    ]
   }
  },
  {
   "type": "Feature",
   "properties": {
    "kind": "overlap-customer",
    "jobNumber": 8556,
    "client": "William Kearl",
    "assignedTech": "Alias Franks",
    "techA": "Alias Franks",
    "techB": "Tavis Alexander",
    "againstMajority": false
   },
   "geometry": {
    "type": "Point",
    "coordinates": [
     -122.016718,
     47.582828
    ]
   }
  },
  {
   "type": "Feature",
   "properties": {
    "kind": "overlap-customer",
    "jobNumber": 8558,
    "client": "John Obrien",
    "assignedTech": "Alias Franks",
    "techA": "Alias Franks",
    "techB": "Tavis Alexander",
    "againstMajority": false
   },
   "geometry": {
    "type": "Point",
    "coordinates": [
     -122.4120946,
     47.6517525
    ]
   }
  },
  {
   "type": "Feature",
   "properties": {
    "kind": "overlap-customer",
    "jobNumber": 8561,
    "client": "Jeremiah Slater",
    "assignedTech": "Cory Ventura",
    "techA": "Cory Ventura",
    "techB": "Robert Norton",
    "againstMajority": false
   },
   "geometry": {
    "type": "Point",
    "coordinates": [
     -122.024022,
     47.3561669
    ]
   }
  },
  {
   "type": "Feature",
   "properties": {
    "kind": "overlap-customer",
    "jobNumber": 8569,
    "client": "Tia Avril",
    "assignedTech": "Alias Franks",
    "techA": "Alias Franks",
    "techB": "Tavis Alexander",
    "againstMajority": false
   },
   "geometry": {
    "type": "Point",
    "coordinates": [
     -122.2138988,
     47.6294471
    ]
   }
  },
  {
   "type": "Feature",
   "properties": {
    "kind": "overlap-customer",
    "jobNumber": 8574,
    "client": "Saber Mirzaei",
    "assignedTech": "Alias Franks",
    "techA": "Alias Franks",
    "techB": "Tavis Alexander",
    "againstMajority": false
   },
   "geometry": {
    "type": "Point",
    "coordinates": [
     -122.4073569,
     47.6461451
    ]
   }
  },
  {
   "type": "Feature",
   "properties": {
    "kind": "overlap-customer",
    "jobNumber": 8579,
    "client": "Gurwinder Sandhu",
    "assignedTech": "Cory Ventura",
    "techA": "Robert Norton",
    "techB": "Cory Ventura",
    "againstMajority": true
   },
   "geometry": {
    "type": "Point",
    "coordinates": [
     -122.1835139,
     47.3386156
    ]
   }
  }
 ]
}